75,1,AND,GSWS01,20040101,DSCH,46.638,G
75,1,AND,GSWS01,20040102,DSCH,39.927,G
75,1,AND,GSWS01,20040103,DSCH,33.725,G
75,1,AND,GSWS01,20040104,DSCH,29.704,G
75,1,AND,GSWS01,20040105,DSCH,26.533,G
75,1,AND,GSWS01,20040106,DSCH,25.910,G
75,1,AND,GSWS01,20040107,DSCH,87.046,G
75,1,AND,GSWS01,20040108,DSCH,172.676,G
75,1,AND,GSWS01,20040109,DSCH,221.863,G
75,1,AND,GSWS01,20040110,DSCH,187.571,G
75,1,AND,GSWS01,20040111,DSCH,146.851,G
75,1,AND,GSWS01,20040112,DSCH,132.551,G
75,1,AND,GSWS01,20040113,DSCH,134.901,G
75,1,AND,GSWS01,20040114,DSCH,159.112,G
75,1,AND,GSWS01,20040115,DSCH,186.551,G
75,1,AND,GSWS01,20040116,DSCH,154.355,G
75,1,AND,GSWS01,20040117,DSCH,112.786,G
75,1,AND,GSWS01,20040118,DSCH,102.111,G
75,1,AND,GSWS01,20040119,DSCH,150.362,G
75,1,AND,GSWS01,20040120,DSCH,130.116,G
75,1,AND,GSWS01,20040121,DSCH,83.676,G
75,1,AND,GSWS01,20040122,DSCH,59.975,G
75,1,AND,GSWS01,20040123,DSCH,186.580,G
75,1,AND,GSWS01,20040124,DSCH,282.659,G
75,1,AND,GSWS01,20040125,DSCH,156.196,G
75,1,AND,GSWS01,20040126,DSCH,123.830,G
75,1,AND,GSWS01,20040127,DSCH,206.062,G
75,1,AND,GSWS01,20040128,DSCH,367.439,G
75,1,AND,GSWS01,20040129,DSCH,425.800,G
75,1,AND,GSWS01,20040130,DSCH,282.291,G
75,1,AND,GSWS01,20040131,DSCH,178.878,G
75,1,AND,GSWS01,20040201,DSCH,136.034,G
75,1,AND,GSWS01,20040202,DSCH,142.037,G
75,1,AND,GSWS01,20040203,DSCH,158.235,G
75,1,AND,GSWS01,20040204,DSCH,115.844,G
75,1,AND,GSWS01,20040205,DSCH,86.650,G
75,1,AND,GSWS01,20040206,DSCH,76.739,G
75,1,AND,GSWS01,20040207,DSCH,111.852,G
75,1,AND,GSWS01,20040208,DSCH,96.617,G
75,1,AND,GSWS01,20040209,DSCH,68.159,G
75,1,AND,GSWS01,20040210,DSCH,52.556,G
75,1,AND,GSWS01,20040211,DSCH,43.042,G
75,1,AND,GSWS01,20040212,DSCH,36.161,G
75,1,AND,GSWS01,20040213,DSCH,31.545,G
75,1,AND,GSWS01,20040214,DSCH,29.591,G
75,1,AND,GSWS01,20040215,DSCH,32.451,G
75,1,AND,GSWS01,20040216,DSCH,70.735,G
75,1,AND,GSWS01,20040217,DSCH,153.874,G
75,1,AND,GSWS01,20040218,DSCH,174.772,G
75,1,AND,GSWS01,20040219,DSCH,173.356,G
75,1,AND,GSWS01,20040220,DSCH,113.437,G
75,1,AND,GSWS01,20040221,DSCH,73.312,G
75,1,AND,GSWS01,20040222,DSCH,53.944,G
75,1,AND,GSWS01,20040223,DSCH,43.636,G
75,1,AND,GSWS01,20040224,DSCH,35.538,G
75,1,AND,GSWS01,20040225,DSCH,31.290,G
75,1,AND,GSWS01,20040226,DSCH,29.365,G
75,1,AND,GSWS01,20040227,DSCH,31.800,G
75,1,AND,GSWS01,20040228,DSCH,40.040,G
75,1,AND,GSWS01,20040229,DSCH,36.189,G
75,1,AND,GSWS01,20040301,DSCH,74.672,G
75,1,AND,GSWS01,20040302,DSCH,59.494,G
75,1,AND,GSWS01,20040303,DSCH,46.638,G
75,1,AND,GSWS01,20040304,DSCH,107.491,G
75,1,AND,GSWS01,20040305,DSCH,130.965,G
75,1,AND,GSWS01,20040306,DSCH,137.931,G
75,1,AND,GSWS01,20040307,DSCH,79.485,G
75,1,AND,GSWS01,20040308,DSCH,53.292,G
75,1,AND,GSWS01,20040309,DSCH,39.644,G
75,1,AND,GSWS01,20040310,DSCH,31.715,G
75,1,AND,GSWS01,20040311,DSCH,27.949,G
75,1,AND,GSWS01,20040312,DSCH,24.891,G
75,1,AND,GSWS01,20040313,DSCH,22.427,G
75,1,AND,GSWS01,20040314,DSCH,20.530,G
75,1,AND,GSWS01,20040315,DSCH,19.199,G
75,1,AND,GSWS01,20040316,DSCH,18.010,G
75,1,AND,GSWS01,20040317,DSCH,17.018,G
75,1,AND,GSWS01,20040318,DSCH,15.971,G
75,1,AND,GSWS01,20040319,DSCH,14.923,G
75,1,AND,GSWS01,20040320,DSCH,13.451,G
75,1,AND,GSWS01,20040321,DSCH,12.290,G
75,1,AND,GSWS01,20040322,DSCH,11.667,G
75,1,AND,GSWS01,20040323,DSCH,11.044,G
75,1,AND,GSWS01,20040324,DSCH,13.564,G
75,1,AND,GSWS01,20040325,DSCH,15.829,G
75,1,AND,GSWS01,20040326,DSCH,18.094,G
75,1,AND,GSWS01,20040327,DSCH,28.345,G
75,1,AND,GSWS01,20040328,DSCH,21.266,G
75,1,AND,GSWS01,20040329,DSCH,18.208,G
75,1,AND,GSWS01,20040330,DSCH,15.971,G
75,1,AND,GSWS01,20040331,DSCH,14.527,G
75,1,AND,GSWS01,20040401,DSCH,12.941,G
75,1,AND,GSWS01,20040402,DSCH,11.808,G
75,1,AND,GSWS01,20040403,DSCH,10.845,G
75,1,AND,GSWS01,20040404,DSCH,10.222,G
75,1,AND,GSWS01,20040405,DSCH,9.911,G
75,1,AND,GSWS01,20040406,DSCH,9.543,G
75,1,AND,GSWS01,20040407,DSCH,9.175,G
75,1,AND,GSWS01,20040408,DSCH,8.807,G
75,1,AND,GSWS01,20040409,DSCH,8.410,G
75,1,AND,GSWS01,20040410,DSCH,8.014,G
75,1,AND,GSWS01,20040411,DSCH,7.589,G
75,1,AND,GSWS01,20040412,DSCH,7.334,G
75,1,AND,GSWS01,20040413,DSCH,7.646,G
75,1,AND,GSWS01,20040414,DSCH,11.553,G
75,1,AND,GSWS01,20040415,DSCH,21.747,G
75,1,AND,GSWS01,20040416,DSCH,21.946,G
75,1,AND,GSWS01,20040417,DSCH,23.050,G
75,1,AND,GSWS01,20040418,DSCH,24.239,G
75,1,AND,GSWS01,20040419,DSCH,25.344,G
75,1,AND,GSWS01,20040420,DSCH,69.546,G
75,1,AND,GSWS01,20040421,DSCH,164.153,G
75,1,AND,GSWS01,20040422,DSCH,93.729,G
75,1,AND,GSWS01,20040423,DSCH,46.581,G
75,1,AND,GSWS01,20040424,DSCH,31.035,G
75,1,AND,GSWS01,20040425,DSCH,24.975,G
75,1,AND,GSWS01,20040426,DSCH,21.323,G
75,1,AND,GSWS01,20040427,DSCH,18.916,G
75,1,AND,GSWS01,20040428,DSCH,17.075,G
75,1,AND,GSWS01,20040429,DSCH,14.951,G
75,1,AND,GSWS01,20040430,DSCH,12.884,G
75,1,AND,GSWS01,20040501,DSCH,11.412,G
75,1,AND,GSWS01,20040502,DSCH,10.449,G
75,1,AND,GSWS01,20040503,DSCH,9.684,G
75,1,AND,GSWS01,20040504,DSCH,9.571,G
75,1,AND,GSWS01,20040505,DSCH,9.146,G
75,1,AND,GSWS01,20040506,DSCH,9.090,G
75,1,AND,GSWS01,20040507,DSCH,9.288,G
75,1,AND,GSWS01,20040508,DSCH,9.175,G
75,1,AND,GSWS01,20040509,DSCH,8.637,G
75,1,AND,GSWS01,20040510,DSCH,9.146,G
75,1,AND,GSWS01,20040511,DSCH,10.307,G
75,1,AND,GSWS01,20040512,DSCH,8.807,G
75,1,AND,GSWS01,20040513,DSCH,8.099,G
75,1,AND,GSWS01,20040514,DSCH,7.674,G
75,1,AND,GSWS01,20040515,DSCH,7.787,G
75,1,AND,GSWS01,20040516,DSCH,8.099,G
75,1,AND,GSWS01,20040517,DSCH,9.741,G
75,1,AND,GSWS01,20040518,DSCH,12.488,G
75,1,AND,GSWS01,20040519,DSCH,11.638,G
75,1,AND,GSWS01,20040520,DSCH,9.345,G
75,1,AND,GSWS01,20040521,DSCH,8.552,G
75,1,AND,GSWS01,20040522,DSCH,9.146,G
75,1,AND,GSWS01,20040523,DSCH,14.696,G
75,1,AND,GSWS01,20040524,DSCH,10.817,G
75,1,AND,GSWS01,20040525,DSCH,9.005,G
75,1,AND,GSWS01,20040526,DSCH,9.203,G
75,1,AND,GSWS01,20040527,DSCH,33.924,G
75,1,AND,GSWS01,20040528,DSCH,132.664,G
75,1,AND,GSWS01,20040529,DSCH,99.081,G
75,1,AND,GSWS01,20040530,DSCH,53.802,G
75,1,AND,GSWS01,20040531,DSCH,33.102,G
75,1,AND,GSWS01,20040601,DSCH,25.004,G
75,1,AND,GSWS01,20040602,DSCH,20.615,G
75,1,AND,GSWS01,20040603,DSCH,17.528,G
75,1,AND,GSWS01,20040604,DSCH,14.583,G
75,1,AND,GSWS01,20040605,DSCH,13.620,G
75,1,AND,GSWS01,20040606,DSCH,14.102,G
75,1,AND,GSWS01,20040607,DSCH,17.925,G
75,1,AND,GSWS01,20040608,DSCH,26.250,G
75,1,AND,GSWS01,20040609,DSCH,37.576,G
75,1,AND,GSWS01,20040610,DSCH,40.946,G
75,1,AND,GSWS01,20040611,DSCH,29.931,G
75,1,AND,GSWS01,20040612,DSCH,23.814,G
75,1,AND,GSWS01,20040613,DSCH,19.992,G
75,1,AND,GSWS01,20040614,DSCH,17.245,G
75,1,AND,GSWS01,20040615,DSCH,14.838,G
75,1,AND,GSWS01,20040616,DSCH,12.544,G
75,1,AND,GSWS01,20040617,DSCH,11.044,G
75,1,AND,GSWS01,20040618,DSCH,9.911,G
75,1,AND,GSWS01,20040619,DSCH,9.061,G
75,1,AND,GSWS01,20040620,DSCH,8.410,G
75,1,AND,GSWS01,20040621,DSCH,7.985,G
75,1,AND,GSWS01,20040622,DSCH,7.957,G
75,1,AND,GSWS01,20040623,DSCH,7.646,G
75,1,AND,GSWS01,20040624,DSCH,7.362,G
75,1,AND,GSWS01,20040625,DSCH,6.966,G
75,1,AND,GSWS01,20040626,DSCH,6.768,G
75,1,AND,GSWS01,20040627,DSCH,6.570,G
75,1,AND,GSWS01,20040628,DSCH,6.909,G
75,1,AND,GSWS01,20040629,DSCH,4.701,G
75,1,AND,GSWS01,20040630,DSCH,4.332,G
75,1,AND,GSWS01,20040701,DSCH,3.993,G
75,1,AND,GSWS01,20040702,DSCH,3.879,G
75,1,AND,GSWS01,20040703,DSCH,3.823,G
75,1,AND,GSWS01,20040704,DSCH,3.625,G
75,1,AND,GSWS01,20040705,DSCH,3.370,G
75,1,AND,GSWS01,20040706,DSCH,3.200,G
75,1,AND,GSWS01,20040707,DSCH,3.030,G
75,1,AND,GSWS01,20040708,DSCH,2.917,G
75,1,AND,GSWS01,20040709,DSCH,2.803,G
75,1,AND,GSWS01,20040710,DSCH,2.633,G
75,1,AND,GSWS01,20040711,DSCH,2.520,G
75,1,AND,GSWS01,20040712,DSCH,2.209,G
75,1,AND,GSWS01,20040713,DSCH,2.095,G
75,1,AND,GSWS01,20040714,DSCH,2.067,G
75,1,AND,GSWS01,20040715,DSCH,1.897,G
75,1,AND,GSWS01,20040716,DSCH,1.812,G
75,1,AND,GSWS01,20040717,DSCH,1.756,G
75,1,AND,GSWS01,20040718,DSCH,1.784,G
75,1,AND,GSWS01,20040719,DSCH,1.897,G
75,1,AND,GSWS01,20040720,DSCH,1.699,G
75,1,AND,GSWS01,20040721,DSCH,1.586,G
75,1,AND,GSWS01,20040722,DSCH,1.416,G
75,1,AND,GSWS01,20040723,DSCH,1.161,G
75,1,AND,GSWS01,20040724,DSCH,1.104,G
75,1,AND,GSWS01,20040725,DSCH,1.076,G
75,1,AND,GSWS01,20040726,DSCH,1.076,E
75,1,AND,GSWS01,20040727,DSCH,1.048,E
75,1,AND,GSWS01,20040728,DSCH,.991,G
75,1,AND,GSWS01,20040729,DSCH,.934,G
75,1,AND,GSWS01,20040730,DSCH,.934,G
75,1,AND,GSWS01,20040731,DSCH,.963,G
75,1,AND,GSWS01,20040801,DSCH,.934,G
75,1,AND,GSWS01,20040802,DSCH,.934,G
75,1,AND,GSWS01,20040803,DSCH,1.019,G
75,1,AND,GSWS01,20040804,DSCH,.906,G
75,1,AND,GSWS01,20040805,DSCH,.963,G
75,1,AND,GSWS01,20040806,DSCH,1.161,G
75,1,AND,GSWS01,20040807,DSCH,1.246,G
75,1,AND,GSWS01,20040808,DSCH,.821,G
75,1,AND,GSWS01,20040809,DSCH,.623,G
75,1,AND,GSWS01,20040810,DSCH,.566,G
75,1,AND,GSWS01,20040811,DSCH,.510,G
75,1,AND,GSWS01,20040812,DSCH,.481,G
75,1,AND,GSWS01,20040813,DSCH,.481,G
75,1,AND,GSWS01,20040814,DSCH,.481,G
75,1,AND,GSWS01,20040815,DSCH,.538,G
75,1,AND,GSWS01,20040816,DSCH,.481,G
75,1,AND,GSWS01,20040817,DSCH,.396,G
75,1,AND,GSWS01,20040818,DSCH,.368,G
75,1,AND,GSWS01,20040819,DSCH,.396,G
75,1,AND,GSWS01,20040820,DSCH,.396,G
75,1,AND,GSWS01,20040821,DSCH,.368,G
75,1,AND,GSWS01,20040822,DSCH,5.352,G
75,1,AND,GSWS01,20040823,DSCH,3.030,G
75,1,AND,GSWS01,20040824,DSCH,2.379,G
75,1,AND,GSWS01,20040825,DSCH,13.790,G
75,1,AND,GSWS01,20040826,DSCH,10.449,G
75,1,AND,GSWS01,20040827,DSCH,3.681,G
75,1,AND,GSWS01,20040828,DSCH,2.237,G
75,1,AND,GSWS01,20040829,DSCH,1.727,G
75,1,AND,GSWS01,20040830,DSCH,1.444,G
75,1,AND,GSWS01,20040831,DSCH,1.246,G
75,1,AND,GSWS01,20040901,DSCH,1.246,G
75,1,AND,GSWS01,20040902,DSCH,1.557,G
75,1,AND,GSWS01,20040903,DSCH,1.529,G
75,1,AND,GSWS01,20040904,DSCH,1.274,G
75,1,AND,GSWS01,20040905,DSCH,1.161,G
75,1,AND,GSWS01,20040906,DSCH,1.104,G
75,1,AND,GSWS01,20040907,DSCH,1.048,G
75,1,AND,GSWS01,20040908,DSCH,1.048,G
75,1,AND,GSWS01,20040909,DSCH,1.019,G
75,1,AND,GSWS01,20040910,DSCH,1.104,G
75,1,AND,GSWS01,20040911,DSCH,1.416,G
75,1,AND,GSWS01,20040912,DSCH,1.444,G
75,1,AND,GSWS01,20040913,DSCH,5.239,G
75,1,AND,GSWS01,20040914,DSCH,4.219,G
75,1,AND,GSWS01,20040915,DSCH,7.221,G
75,1,AND,GSWS01,20040916,DSCH,3.681,G
75,1,AND,GSWS01,20040917,DSCH,7.249,G
75,1,AND,GSWS01,20040918,DSCH,15.631,G
75,1,AND,GSWS01,20040919,DSCH,9.883,G
75,1,AND,GSWS01,20040920,DSCH,7.759,G
75,1,AND,GSWS01,20040921,DSCH,5.012,G
75,1,AND,GSWS01,20040922,DSCH,3.568,G
75,1,AND,GSWS01,20040923,DSCH,2.832,G
75,1,AND,GSWS01,20040924,DSCH,2.379,G
75,1,AND,GSWS01,20040925,DSCH,2.124,G
75,1,AND,GSWS01,20040926,DSCH,2.010,G
75,1,AND,GSWS01,20040927,DSCH,1.897,G
75,1,AND,GSWS01,20040928,DSCH,1.756,G
75,1,AND,GSWS01,20040929,DSCH,1.671,G
75,1,AND,GSWS01,20040930,DSCH,1.642,G
75,1,AND,GSWS01,20041001,DSCH,1.557,G
75,1,AND,GSWS01,20041002,DSCH,1.472,G
75,1,AND,GSWS01,20041003,DSCH,1.472,G
75,1,AND,GSWS01,20041004,DSCH,1.388,G
75,1,AND,GSWS01,20041005,DSCH,1.388,G
75,1,AND,GSWS01,20041006,DSCH,1.642,G
75,1,AND,GSWS01,20041007,DSCH,1.869,G
75,1,AND,GSWS01,20041008,DSCH,1.954,G
75,1,AND,GSWS01,20041009,DSCH,5.890,G
75,1,AND,GSWS01,20041010,DSCH,2.945,G
75,1,AND,GSWS01,20041011,DSCH,2.124,G
75,1,AND,GSWS01,20041012,DSCH,1.841,G
75,1,AND,GSWS01,20041013,DSCH,1.642,G
75,1,AND,GSWS01,20041014,DSCH,2.464,G
75,1,AND,GSWS01,20041015,DSCH,2.464,G
75,1,AND,GSWS01,20041016,DSCH,2.662,G
75,1,AND,GSWS01,20041017,DSCH,7.617,G
75,1,AND,GSWS01,20041018,DSCH,23.928,G
75,1,AND,GSWS01,20041019,DSCH,13.026,G
75,1,AND,GSWS01,20041020,DSCH,8.353,G
75,1,AND,GSWS01,20041021,DSCH,11.468,G
75,1,AND,GSWS01,20041022,DSCH,23.673,G
75,1,AND,GSWS01,20041023,DSCH,21.719,G
75,1,AND,GSWS01,20041024,DSCH,13.790,G
75,1,AND,GSWS01,20041025,DSCH,9.996,G
75,1,AND,GSWS01,20041026,DSCH,8.778,G
75,1,AND,GSWS01,20041027,DSCH,7.277,G
75,1,AND,GSWS01,20041028,DSCH,6.343,G
75,1,AND,GSWS01,20041029,DSCH,6.315,G
75,1,AND,GSWS01,20041030,DSCH,8.212,G
75,1,AND,GSWS01,20041031,DSCH,9.713,G
75,1,AND,GSWS01,20041101,DSCH,10.137,G
150,1,AND,GSWS02,20040101,DSCH,25.004,G
150,1,AND,GSWS02,20040102,DSCH,21.068,G
150,1,AND,GSWS02,20040103,DSCH,19.199,G
150,1,AND,GSWS02,20040104,DSCH,17.302,G
150,1,AND,GSWS02,20040105,DSCH,15.744,E
150,1,AND,GSWS02,20040106,DSCH,15.518,E
150,1,AND,GSWS02,20040107,DSCH,43.183,E
150,1,AND,GSWS02,20040108,DSCH,99.760,G
150,1,AND,GSWS02,20040109,DSCH,135.326,G
150,1,AND,GSWS02,20040110,DSCH,136.459,G
150,1,AND,GSWS02,20040111,DSCH,118.195,G
150,1,AND,GSWS02,20040112,DSCH,111.200,G
150,1,AND,GSWS02,20040113,DSCH,110.860,G
150,1,AND,GSWS02,20040114,DSCH,115.901,G
150,1,AND,GSWS02,20040115,DSCH,127.313,G
150,1,AND,GSWS02,20040116,DSCH,118.110,G
150,1,AND,GSWS02,20040117,DSCH,95.909,G
150,1,AND,GSWS02,20040118,DSCH,78.239,G
150,1,AND,GSWS02,20040119,DSCH,81.043,G
150,1,AND,GSWS02,20040120,DSCH,81.666,G
150,1,AND,GSWS02,20040121,DSCH,62.778,G
150,1,AND,GSWS02,20040122,DSCH,47.855,G
150,1,AND,GSWS02,20040123,DSCH,89.255,G
150,1,AND,GSWS02,20040124,DSCH,151.439,G
150,1,AND,GSWS02,20040125,DSCH,119.440,G
150,1,AND,GSWS02,20040126,DSCH,93.729,G
150,1,AND,GSWS02,20040127,DSCH,112.276,G
150,1,AND,GSWS02,20040128,DSCH,182.672,G
150,1,AND,GSWS02,20040129,DSCH,264.168,G
150,1,AND,GSWS02,20040130,DSCH,198.586,G
150,1,AND,GSWS02,20040131,DSCH,139.460,G
150,1,AND,GSWS02,20040201,DSCH,105.084,G
150,1,AND,GSWS02,20040202,DSCH,101.771,G
150,1,AND,GSWS02,20040203,DSCH,104.348,G
150,1,AND,GSWS02,20040204,DSCH,86.168,G
150,1,AND,GSWS02,20040205,DSCH,68.697,G
150,1,AND,GSWS02,20040206,DSCH,59.409,G
150,1,AND,GSWS02,20040207,DSCH,63.401,G
150,1,AND,GSWS02,20040208,DSCH,61.504,G
150,1,AND,GSWS02,20040209,DSCH,52.669,G
150,1,AND,GSWS02,20040210,DSCH,44.457,G
150,1,AND,GSWS02,20040211,DSCH,38.624,G
150,1,AND,GSWS02,20040212,DSCH,32.394,G
150,1,AND,GSWS02,20040213,DSCH,30.242,G
150,1,AND,GSWS02,20040214,DSCH,27.949,G
150,1,AND,GSWS02,20040215,DSCH,26.929,G
150,1,AND,GSWS02,20040216,DSCH,35.736,G
150,1,AND,GSWS02,20040217,DSCH,64.053,G
150,1,AND,GSWS02,20040218,DSCH,85.290,G
150,1,AND,GSWS02,20041001,DSCH,2.237,G
150,1,AND,GSWS02,20041002,DSCH,2.124,G
150,1,AND,GSWS02,20041003,DSCH,2.039,G
150,1,AND,GSWS02,20041004,DSCH,1.954,G
150,1,AND,GSWS02,20041005,DSCH,1.897,G
150,1,AND,GSWS02,20041006,DSCH,2.237,G
150,1,AND,GSWS02,20041007,DSCH,2.237,G
150,1,AND,GSWS02,20041008,DSCH,2.747,G
150,1,AND,GSWS02,20041009,DSCH,4.984,G
150,1,AND,GSWS02,20041010,DSCH,2.662,G
150,1,AND,GSWS02,20041011,DSCH,2.265,G
150,1,AND,GSWS02,20041012,DSCH,2.095,G
150,1,AND,GSWS02,20041013,DSCH,1.982,G
150,1,AND,GSWS02,20041014,DSCH,1.841,G
150,1,AND,GSWS02,20041015,DSCH,1.133,G
150,1,AND,GSWS02,20041016,DSCH,1.048,G
150,1,AND,GSWS02,20041017,DSCH,6.513,G
150,1,AND,GSWS02,20041018,DSCH,14.073,G
150,1,AND,GSWS02,20041019,DSCH,7.844,G
150,1,AND,GSWS02,20041020,DSCH,5.352,G
150,1,AND,GSWS02,20041021,DSCH,6.739,G
150,1,AND,GSWS02,20041022,DSCH,12.261,G
150,1,AND,GSWS02,20041023,DSCH,12.091,G
150,1,AND,GSWS02,20041024,DSCH,8.778,G
150,1,AND,GSWS02,20041025,DSCH,7.447,G
150,1,AND,GSWS02,20041026,DSCH,6.485,G
150,1,AND,GSWS02,20041027,DSCH,5.522,G
150,1,AND,GSWS02,20041028,DSCH,4.701,G
150,1,AND,GSWS02,20041029,DSCH,4.304,G
150,1,AND,GSWS02,20041030,DSCH,5.465,G
150,1,AND,GSWS02,20041031,DSCH,5.012,G
150,1,AND,GSWS02,20041101,DSCH,5.833,G
152,1,AND,GSWS03,20040101,DSCH,50.970,G
152,1,AND,GSWS03,20040102,DSCH,44.033,G
152,1,AND,GSWS03,20040103,DSCH,39.587,G
152,1,AND,GSWS03,20040104,DSCH,36.387,G
152,1,AND,GSWS03,20040105,DSCH,33.442,G
152,1,AND,GSWS03,20040106,DSCH,33.669,G
152,1,AND,GSWS03,20040107,DSCH,87.273,G
152,1,AND,GSWS03,20040108,DSCH,165.370,G
152,1,AND,GSWS03,20040109,DSCH,200.257,G
152,1,AND,GSWS03,20040110,DSCH,176.386,G
152,1,AND,GSWS03,20040111,DSCH,145.350,G
152,1,AND,GSWS03,20040112,DSCH,136.317,G
152,1,AND,GSWS03,20040113,DSCH,135.751,G
152,1,AND,GSWS03,20040114,DSCH,152.316,G
152,1,AND,GSWS03,20040115,DSCH,173.894,G
152,1,AND,GSWS03,20040116,DSCH,157.470,G
152,1,AND,GSWS03,20040117,DSCH,130.512,G
152,1,AND,GSWS03,20040118,DSCH,118.393,G
152,1,AND,GSWS03,20040119,DSCH,140.338,G
152,1,AND,GSWS03,20040120,DSCH,124.424,G
152,1,AND,GSWS03,20040121,DSCH,98.401,G
152,1,AND,GSWS03,20040122,DSCH,78.466,G
152,1,AND,GSWS03,20040123,DSCH,168.032,G
152,1,AND,GSWS03,20040124,DSCH,228.517,G
152,1,AND,GSWS03,20040125,DSCH,161.236,G
152,1,AND,GSWS03,20040126,DSCH,132.466,G
152,1,AND,GSWS03,20040127,DSCH,186.863,G
152,1,AND,GSWS03,20040128,DSCH,318.508,G
152,1,AND,GSWS03,20040129,DSCH,396.917,G
152,1,AND,GSWS03,20040130,DSCH,332.440,G
152,1,AND,GSWS03,20040131,DSCH,226.591,G
152,1,AND,GSWS03,20040201,DSCH,167.098,G
152,1,AND,GSWS03,20040202,DSCH,161.349,G
152,1,AND,GSWS03,20040203,DSCH,152.005,G
152,1,AND,GSWS03,20040204,DSCH,123.348,G
152,1,AND,GSWS03,20040205,DSCH,99.166,G
152,1,AND,GSWS03,20040206,DSCH,94.635,G
152,1,AND,GSWS03,20040207,DSCH,111.880,G
152,1,AND,GSWS03,20040208,DSCH,92.879,G
152,1,AND,GSWS03,20040209,DSCH,75.549,G
152,1,AND,GSWS03,20040210,DSCH,63.770,G
152,1,AND,GSWS03,20040211,DSCH,55.841,G
152,1,AND,GSWS03,20040212,DSCH,50.177,G
152,1,AND,GSWS03,20040213,DSCH,46.440,G
152,1,AND,GSWS03,20040214,DSCH,45.675,G
152,1,AND,GSWS03,20040215,DSCH,47.827,G
152,1,AND,GSWS03,20040216,DSCH,74.615,G
152,1,AND,GSWS03,20040217,DSCH,126.038,G
152,1,AND,GSWS03,20040218,DSCH,143.368,G
152,1,AND,GSWS03,20040219,DSCH,137.875,G
152,1,AND,GSWS03,20040220,DSCH,105.395,G
152,1,AND,GSWS03,20040221,DSCH,81.836,G
152,1,AND,GSWS03,20040222,DSCH,66.913,G
152,1,AND,GSWS03,20040223,DSCH,58.361,G
152,1,AND,GSWS03,20040224,DSCH,50.687,G
152,1,AND,GSWS03,20040225,DSCH,46.553,G
152,1,AND,GSWS03,20040226,DSCH,44.373,G
152,1,AND,GSWS03,20040227,DSCH,45.647,G
152,1,AND,GSWS03,20040228,DSCH,45.165,G
152,1,AND,GSWS03,20040229,DSCH,43.325,G
152,1,AND,GSWS03,20040301,DSCH,60.428,G
152,1,AND,GSWS03,20040302,DSCH,48.960,G
152,1,AND,GSWS03,20040303,DSCH,45.817,G
152,1,AND,GSWS03,20040304,DSCH,73.595,G
152,1,AND,GSWS03,20040305,DSCH,90.019,G
152,1,AND,GSWS03,20040306,DSCH,102.847,G
152,1,AND,GSWS03,20040307,DSCH,76.880,G
152,1,AND,GSWS03,20040308,DSCH,61.986,G
152,1,AND,GSWS03,20040309,DSCH,51.961,G
152,1,AND,GSWS03,20040310,DSCH,46.355,G
152,1,AND,GSWS03,20040311,DSCH,42.390,G
152,1,AND,GSWS03,20040312,DSCH,39.162,G
152,1,AND,GSWS03,20040313,DSCH,35.651,G
152,1,AND,GSWS03,20040314,DSCH,32.848,G
152,1,AND,GSWS03,20040315,DSCH,30.554,G
152,1,AND,GSWS03,20040316,DSCH,28.855,G
152,1,AND,GSWS03,20040317,DSCH,25.740,G
152,1,AND,GSWS03,20040318,DSCH,24.324,G
152,1,AND,GSWS03,20040319,DSCH,22.455,G
152,1,AND,GSWS03,20040320,DSCH,21.209,G
152,1,AND,GSWS03,20040321,DSCH,20.077,G
152,1,AND,GSWS03,20040322,DSCH,19.539,G
152,1,AND,GSWS03,20040323,DSCH,18.887,G
152,1,AND,GSWS03,20040324,DSCH,20.813,G
152,1,AND,GSWS03,20040325,DSCH,24.126,G
152,1,AND,GSWS03,20040326,DSCH,27.835,G
152,1,AND,GSWS03,20040327,DSCH,38.369,G
152,1,AND,GSWS03,20040328,DSCH,25.429,G
152,1,AND,GSWS03,20040329,DSCH,21.917,G
152,1,AND,GSWS03,20040330,DSCH,21.294,G
152,1,AND,GSWS03,20040331,DSCH,20.077,G
152,1,AND,GSWS03,20040401,DSCH,18.378,G
152,1,AND,GSWS03,20040402,DSCH,17.528,G
152,1,AND,GSWS03,20040403,DSCH,16.679,G
152,1,AND,GSWS03,20040404,DSCH,16.027,G
152,1,AND,GSWS03,20040405,DSCH,15.376,G
152,1,AND,GSWS03,20040406,DSCH,15.150,G
152,1,AND,GSWS03,20040407,DSCH,14.838,G
152,1,AND,GSWS03,20040408,DSCH,14.498,G
152,1,AND,GSWS03,20040409,DSCH,14.017,G
152,1,AND,GSWS03,20040410,DSCH,13.734,G
152,1,AND,GSWS03,20040411,DSCH,13.422,G
152,1,AND,GSWS03,20040412,DSCH,12.969,G
152,1,AND,GSWS03,20040413,DSCH,14.498,G
152,1,AND,GSWS03,20040414,DSCH,25.004,G
152,1,AND,GSWS03,20040415,DSCH,35.339,G
152,1,AND,GSWS03,20040416,DSCH,30.214,G
152,1,AND,GSWS03,20040417,DSCH,29.138,G
152,1,AND,GSWS03,20040418,DSCH,30.724,G
152,1,AND,GSWS03,20040419,DSCH,31.743,G
152,1,AND,GSWS03,20040420,DSCH,71.528,G
152,1,AND,GSWS03,20040421,DSCH,129.918,G
152,1,AND,GSWS03,20040422,DSCH,81.354,G
152,1,AND,GSWS03,20040423,DSCH,54.425,G
152,1,AND,GSWS03,20040424,DSCH,43.636,G
152,1,AND,GSWS03,20040425,DSCH,38.030,G
152,1,AND,GSWS03,20040426,DSCH,33.471,G
152,1,AND,GSWS03,20040427,DSCH,30.356,G
152,1,AND,GSWS03,20040428,DSCH,27.524,G
152,1,AND,GSWS03,20040429,DSCH,25.287,G
152,1,AND,GSWS03,20040430,DSCH,23.135,G
152,1,AND,GSWS03,20040501,DSCH,21.294,G
152,1,AND,GSWS03,20040502,DSCH,20.331,G
152,1,AND,GSWS03,20040503,DSCH,19.227,G
152,1,AND,GSWS03,20040504,DSCH,18.378,G
152,1,AND,GSWS03,20040505,DSCH,17.698,G
152,1,AND,GSWS03,20040506,DSCH,17.132,G
152,1,AND,GSWS03,20040507,DSCH,17.471,G
152,1,AND,GSWS03,20040508,DSCH,17.726,G
152,1,AND,GSWS03,20040509,DSCH,16.820,G
152,1,AND,GSWS03,20040510,DSCH,17.670,G
152,1,AND,GSWS03,20040511,DSCH,19.001,G
152,1,AND,GSWS03,20040512,DSCH,16.112,G
152,1,AND,GSWS03,20040513,DSCH,14.951,G
152,1,AND,GSWS03,20040514,DSCH,14.243,G
152,1,AND,GSWS03,20040515,DSCH,14.045,G
152,1,AND,GSWS03,20040516,DSCH,15.603,G
152,1,AND,GSWS03,20040517,DSCH,16.962,G
152,1,AND,GSWS03,20040518,DSCH,20.870,G
152,1,AND,GSWS03,20040519,DSCH,17.953,G
152,1,AND,GSWS03,20040520,DSCH,16.707,G
152,1,AND,GSWS03,20040521,DSCH,15.319,G
152,1,AND,GSWS03,20040522,DSCH,17.103,G
152,1,AND,GSWS03,20040523,DSCH,19.935,G
152,1,AND,GSWS03,20040524,DSCH,16.282,G
152,1,AND,GSWS03,20040525,DSCH,14.725,G
152,1,AND,GSWS03,20040526,DSCH,15.574,G
152,1,AND,GSWS03,20040527,DSCH,44.995,G
152,1,AND,GSWS03,20040528,DSCH,89.623,G
152,1,AND,GSWS03,20040529,DSCH,61.108,G
152,1,AND,GSWS03,20040530,DSCH,43.580,G
152,1,AND,GSWS03,20040531,DSCH,35.424,G
152,1,AND,GSWS03,20040601,DSCH,30.016,G
152,1,AND,GSWS03,20040602,DSCH,26.759,G
152,1,AND,GSWS03,20040603,DSCH,23.899,G
152,1,AND,GSWS03,20040604,DSCH,21.549,G
152,1,AND,GSWS03,20040605,DSCH,21.011,G
152,1,AND,GSWS03,20040606,DSCH,23.305,G
152,1,AND,GSWS03,20040607,DSCH,29.308,G
152,1,AND,GSWS03,20040608,DSCH,33.867,G
152,1,AND,GSWS03,20040609,DSCH,38.568,G
152,1,AND,GSWS03,20040610,DSCH,35.396,G
152,1,AND,GSWS03,20040611,DSCH,30.582,G
152,1,AND,GSWS03,20040612,DSCH,26.759,G
152,1,AND,GSWS03,20040613,DSCH,24.409,G
152,1,AND,GSWS03,20040614,DSCH,22.115,G
152,1,AND,GSWS03,20040615,DSCH,20.473,G
152,1,AND,GSWS03,20040616,DSCH,19.086,G
152,1,AND,GSWS03,20040617,DSCH,18.066,G
152,1,AND,GSWS03,20040618,DSCH,17.387,G
152,1,AND,GSWS03,20040619,DSCH,16.452,G
152,1,AND,GSWS03,20040620,DSCH,15.857,G
152,1,AND,GSWS03,20040621,DSCH,15.489,G
152,1,AND,GSWS03,20040622,DSCH,15.291,G
152,1,AND,GSWS03,20040623,DSCH,15.008,G
152,1,AND,GSWS03,20040624,DSCH,14.413,G
152,1,AND,GSWS03,20040625,DSCH,13.790,G
152,1,AND,GSWS03,20040626,DSCH,13.224,G
152,1,AND,GSWS03,20040627,DSCH,12.884,G
152,1,AND,GSWS03,20040628,DSCH,12.459,G
152,1,AND,GSWS03,20040629,DSCH,12.233,G
152,1,AND,GSWS03,20040630,DSCH,12.035,G
152,1,AND,GSWS03,20040701,DSCH,11.865,G
152,1,AND,GSWS03,20040702,DSCH,8.155,G
152,1,AND,GSWS03,20040703,DSCH,7.929,G
152,1,AND,GSWS03,20040704,DSCH,7.759,G
152,1,AND,GSWS03,20040705,DSCH,7.419,G
152,1,AND,GSWS03,20040706,DSCH,6.966,G
152,1,AND,GSWS03,20040707,DSCH,6.966,G
152,1,AND,GSWS03,20040708,DSCH,7.079,G
152,1,AND,GSWS03,20040709,DSCH,7.023,G
152,1,AND,GSWS03,20040710,DSCH,6.853,G
152,1,AND,GSWS03,20040711,DSCH,6.570,G
152,1,AND,GSWS03,20040712,DSCH,6.371,G
152,1,AND,GSWS03,20040713,DSCH,6.173,G
152,1,AND,GSWS03,20040714,DSCH,5.975,G
152,1,AND,GSWS03,20040715,DSCH,5.777,G
152,1,AND,GSWS03,20040716,DSCH,5.578,G
152,1,AND,GSWS03,20040717,DSCH,5.409,G
152,1,AND,GSWS03,20040718,DSCH,5.239,G
152,1,AND,GSWS03,20040719,DSCH,5.748,G
152,1,AND,GSWS03,20040720,DSCH,5.125,G
152,1,AND,GSWS03,20040721,DSCH,4.955,G
152,1,AND,GSWS03,20040722,DSCH,4.729,G
152,1,AND,GSWS03,20040723,DSCH,4.531,G
152,1,AND,GSWS03,20040724,DSCH,4.389,G
152,1,AND,GSWS03,20040725,DSCH,4.361,G
152,1,AND,GSWS03,20040726,DSCH,4.332,G
152,1,AND,GSWS03,20040727,DSCH,4.304,G
152,1,AND,GSWS03,20040728,DSCH,4.248,G
152,1,AND,GSWS03,20040729,DSCH,4.106,G
152,1,AND,GSWS03,20040730,DSCH,3.964,G
152,1,AND,GSWS03,20040731,DSCH,3.936,G
152,1,AND,GSWS03,20040801,DSCH,3.851,G
152,1,AND,GSWS03,20040802,DSCH,3.766,G
152,1,AND,GSWS03,20040803,DSCH,3.681,G
152,1,AND,GSWS03,20040804,DSCH,3.596,G
152,1,AND,GSWS03,20040805,DSCH,3.511,G
152,1,AND,GSWS03,20040806,DSCH,3.879,G
152,1,AND,GSWS03,20040807,DSCH,3.766,G
152,1,AND,GSWS03,20040808,DSCH,3.455,G
152,1,AND,GSWS03,20040809,DSCH,3.256,G
152,1,AND,GSWS03,20040810,DSCH,3.143,G
152,1,AND,GSWS03,20040811,DSCH,3.087,G
152,1,AND,GSWS03,20040812,DSCH,3.087,G
152,1,AND,GSWS03,20040813,DSCH,3.115,G
152,1,AND,GSWS03,20040814,DSCH,3.030,G
152,1,AND,GSWS03,20040815,DSCH,2.973,G
152,1,AND,GSWS03,20040816,DSCH,2.973,G
152,1,AND,GSWS03,20040817,DSCH,2.860,G
152,1,AND,GSWS03,20040818,DSCH,2.775,G
152,1,AND,GSWS03,20040819,DSCH,2.747,G
152,1,AND,GSWS03,20040820,DSCH,2.718,G
152,1,AND,GSWS03,20040821,DSCH,2.633,G
152,1,AND,GSWS03,20040822,DSCH,14.243,G
152,1,AND,GSWS03,20040823,DSCH,6.513,G
152,1,AND,GSWS03,20040824,DSCH,4.616,G
152,1,AND,GSWS03,20040825,DSCH,29.081,G
152,1,AND,GSWS03,20040826,DSCH,16.027,G
152,1,AND,GSWS03,20040827,DSCH,7.108,G
152,1,AND,GSWS03,20040828,DSCH,5.154,G
152,1,AND,GSWS03,20040829,DSCH,4.474,G
152,1,AND,GSWS03,20040830,DSCH,4.049,G
152,1,AND,GSWS03,20040831,DSCH,3.794,G
152,1,AND,GSWS03,20040901,DSCH,3.823,G
152,1,AND,GSWS03,20040902,DSCH,3.936,G
152,1,AND,GSWS03,20040903,DSCH,3.794,G
152,1,AND,GSWS03,20040904,DSCH,3.540,G
152,1,AND,GSWS03,20040905,DSCH,3.398,G
152,1,AND,GSWS03,20040906,DSCH,3.256,G
152,1,AND,GSWS03,20040907,DSCH,3.143,G
152,1,AND,GSWS03,20040908,DSCH,3.115,G
152,1,AND,GSWS03,20040909,DSCH,3.087,G
152,1,AND,GSWS03,20040910,DSCH,3.087,G
152,1,AND,GSWS03,20040911,DSCH,4.502,G
152,1,AND,GSWS03,20040912,DSCH,3.964,G
152,1,AND,GSWS03,20040913,DSCH,13.620,G
152,1,AND,GSWS03,20040914,DSCH,7.476,G
152,1,AND,GSWS03,20040915,DSCH,12.176,G
152,1,AND,GSWS03,20040916,DSCH,5.890,G
152,1,AND,GSWS03,20040917,DSCH,13.082,G
152,1,AND,GSWS03,20040918,DSCH,21.011,G
152,1,AND,GSWS03,20040919,DSCH,16.565,G
152,1,AND,GSWS03,20040920,DSCH,14.073,G
152,1,AND,GSWS03,20040921,DSCH,8.070,G
152,1,AND,GSWS03,20040922,DSCH,6.315,G
152,1,AND,GSWS03,20040923,DSCH,5.380,G
152,1,AND,GSWS03,20040924,DSCH,4.870,G
152,1,AND,GSWS03,20040925,DSCH,4.474,G
152,1,AND,GSWS03,20040926,DSCH,4.304,G
152,1,AND,GSWS03,20040927,DSCH,4.078,G
152,1,AND,GSWS03,20040928,DSCH,3.908,G
152,1,AND,GSWS03,20040929,DSCH,3.794,G
152,1,AND,GSWS03,20040930,DSCH,3.681,G
152,1,AND,GSWS03,20041001,DSCH,3.568,G
152,1,AND,GSWS03,20041002,DSCH,3.426,G
152,1,AND,GSWS03,20041003,DSCH,3.341,G
152,1,AND,GSWS03,20041004,DSCH,3.228,G
152,1,AND,GSWS03,20041005,DSCH,3.171,G
152,1,AND,GSWS03,20041006,DSCH,4.191,G
152,1,AND,GSWS03,20041007,DSCH,4.021,G
152,1,AND,GSWS03,20041008,DSCH,5.522,G
152,1,AND,GSWS03,20041009,DSCH,9.458,G
152,1,AND,GSWS03,20041010,DSCH,4.757,G
152,1,AND,GSWS03,20041011,DSCH,3.993,G
152,1,AND,GSWS03,20041012,DSCH,3.710,G
152,1,AND,GSWS03,20041013,DSCH,3.426,G
154,1,AND,GSWS06,20040101,DSCH,4.927,G
154,1,AND,GSWS06,20040102,DSCH,4.361,G
154,1,AND,GSWS06,20040103,DSCH,3.936,G
154,1,AND,GSWS06,20040104,DSCH,3.681,G
154,1,AND,GSWS06,20040105,DSCH,3.540,G
154,1,AND,GSWS06,20040106,DSCH,3.426,G
154,1,AND,GSWS06,20040107,DSCH,4.389,G
154,1,AND,GSWS06,20040108,DSCH,6.201,G
154,1,AND,GSWS06,20040109,DSCH,11.440,G
154,1,AND,GSWS06,20040110,DSCH,15.603,G
154,1,AND,GSWS06,20040111,DSCH,15.999,G
154,1,AND,GSWS06,20040112,DSCH,15.659,G
154,1,AND,GSWS06,20040113,DSCH,16.084,G
154,1,AND,GSWS06,20040114,DSCH,18.632,G
154,1,AND,GSWS06,20040115,DSCH,23.701,G
154,1,AND,GSWS06,20040116,DSCH,23.418,G
154,1,AND,GSWS06,20040117,DSCH,20.020,G
154,1,AND,GSWS06,20040118,DSCH,17.217,G
154,1,AND,GSWS06,20040119,DSCH,19.114,G
154,1,AND,GSWS06,20040120,DSCH,20.105,G
154,1,AND,GSWS06,20040121,DSCH,16.622,G
154,1,AND,GSWS06,20040122,DSCH,13.649,G
154,1,AND,GSWS06,20040123,DSCH,17.953,G
154,1,AND,GSWS06,20040124,DSCH,33.244,G
154,1,AND,GSWS06,20040125,DSCH,28.940,G
154,1,AND,GSWS06,20040126,DSCH,20.388,G
154,1,AND,GSWS06,20040127,DSCH,17.500,G
154,1,AND,GSWS06,20040128,DSCH,25.910,G
154,1,AND,GSWS06,20040129,DSCH,54.425,G
154,1,AND,GSWS06,20040130,DSCH,52.386,G
154,1,AND,GSWS06,20040131,DSCH,34.886,G
154,1,AND,GSWS06,20040201,DSCH,22.823,G
154,1,AND,GSWS06,20040202,DSCH,18.661,G
154,1,AND,GSWS06,20040203,DSCH,15.574,G
154,1,AND,GSWS06,20040204,DSCH,13.535,G
154,1,AND,GSWS06,20040205,DSCH,12.176,G
154,1,AND,GSWS06,20040206,DSCH,12.148,G
154,1,AND,GSWS06,20040207,DSCH,11.893,G
154,1,AND,GSWS06,20040208,DSCH,11.695,G
154,1,AND,GSWS06,20040209,DSCH,10.675,G
154,1,AND,GSWS06,20040210,DSCH,9.458,G
154,1,AND,GSWS06,20040211,DSCH,8.523,G
154,1,AND,GSWS06,20040212,DSCH,8.042,G
154,1,AND,GSWS06,20040213,DSCH,7.957,G
154,1,AND,GSWS06,20040214,DSCH,8.297,G
154,1,AND,GSWS06,20040215,DSCH,9.968,G
154,1,AND,GSWS06,20040216,DSCH,13.082,G
154,1,AND,GSWS06,20040217,DSCH,20.133,G
154,1,AND,GSWS06,20040218,DSCH,27.751,G
154,1,AND,GSWS06,20040219,DSCH,25.372,G
154,1,AND,GSWS06,20040220,DSCH,20.501,G
154,1,AND,GSWS06,20040221,DSCH,16.339,G
154,1,AND,GSWS06,20040222,DSCH,13.366,G
154,1,AND,GSWS06,20040223,DSCH,12.205,G
154,1,AND,GSWS06,20040224,DSCH,10.704,G
154,1,AND,GSWS06,20040225,DSCH,9.769,G
154,1,AND,GSWS06,20040226,DSCH,8.976,G
154,1,AND,GSWS06,20040227,DSCH,8.665,G
154,1,AND,GSWS06,20040228,DSCH,8.580,G
154,1,AND,GSWS06,20040229,DSCH,8.269,G
154,1,AND,GSWS06,20040301,DSCH,8.693,G
154,1,AND,GSWS06,20040302,DSCH,8.778,G
154,1,AND,GSWS06,20040303,DSCH,8.438,G
154,1,AND,GSWS06,20040304,DSCH,8.438,G
154,1,AND,GSWS06,20040305,DSCH,9.345,G
154,1,AND,GSWS06,20040306,DSCH,10.619,G
154,1,AND,GSWS06,20040307,DSCH,10.647,G
154,1,AND,GSWS06,20040308,DSCH,10.619,G
154,1,AND,GSWS06,20040309,DSCH,10.534,G
154,1,AND,GSWS06,20040310,DSCH,9.713,G
154,1,AND,GSWS06,20040311,DSCH,8.325,G
154,1,AND,GSWS06,20040312,DSCH,7.221,G
154,1,AND,GSWS06,20040313,DSCH,6.286,G
154,1,AND,GSWS06,20040314,DSCH,5.522,G
154,1,AND,GSWS06,20040315,DSCH,4.955,G
154,1,AND,GSWS06,20040316,DSCH,4.417,G
154,1,AND,GSWS06,20040317,DSCH,3.936,G
154,1,AND,GSWS06,20040318,DSCH,3.681,G
154,1,AND,GSWS06,20040319,DSCH,3.511,G
154,1,AND,GSWS06,20040320,DSCH,3.200,G
154,1,AND,GSWS06,20040321,DSCH,2.945,G
154,1,AND,GSWS06,20040322,DSCH,2.775,G
154,1,AND,GSWS06,20040323,DSCH,2.577,G
154,1,AND,GSWS06,20040324,DSCH,2.492,G
154,1,AND,GSWS06,20040325,DSCH,2.520,G
154,1,AND,GSWS06,20040326,DSCH,2.747,G
154,1,AND,GSWS06,20040327,DSCH,3.540,G
154,1,AND,GSWS06,20040328,DSCH,3.171,G
154,1,AND,GSWS06,20040329,DSCH,2.888,G
154,1,AND,GSWS06,20040330,DSCH,2.662,G
154,1,AND,GSWS06,20040331,DSCH,2.492,G
154,1,AND,GSWS06,20040401,DSCH,2.379,G
154,1,AND,GSWS06,20040402,DSCH,2.265,G
154,1,AND,GSWS06,20040403,DSCH,2.209,G
154,1,AND,GSWS06,20040404,DSCH,2.152,G
154,1,AND,GSWS06,20040405,DSCH,2.067,G
154,1,AND,GSWS06,20040406,DSCH,1.982,G
154,1,AND,GSWS06,20040407,DSCH,1.869,G
154,1,AND,GSWS06,20040408,DSCH,1.784,G
154,1,AND,GSWS06,20040409,DSCH,1.727,G
154,1,AND,GSWS06,20040410,DSCH,1.642,G
154,1,AND,GSWS06,20040411,DSCH,1.586,G
154,1,AND,GSWS06,20040412,DSCH,1.557,G
154,1,AND,GSWS06,20040413,DSCH,1.557,G
154,1,AND,GSWS06,20040414,DSCH,1.784,G
154,1,AND,GSWS06,20040415,DSCH,2.010,G
154,1,AND,GSWS06,20040416,DSCH,1.869,G
154,1,AND,GSWS06,20040417,DSCH,1.841,G
154,1,AND,GSWS06,20040418,DSCH,1.897,G
154,1,AND,GSWS06,20040419,DSCH,2.152,G
154,1,AND,GSWS06,20040420,DSCH,3.993,G
154,1,AND,GSWS06,20040421,DSCH,8.891,G
154,1,AND,GSWS06,20040422,DSCH,10.647,G
154,1,AND,GSWS06,20040423,DSCH,8.778,G
154,1,AND,GSWS06,20040424,DSCH,7.277,G
154,1,AND,GSWS06,20040425,DSCH,6.456,G
154,1,AND,GSWS06,20040426,DSCH,5.692,G
154,1,AND,GSWS06,20040427,DSCH,5.040,G
154,1,AND,GSWS06,20040428,DSCH,4.531,G
154,1,AND,GSWS06,20040429,DSCH,3.993,G
154,1,AND,GSWS06,20040430,DSCH,3.596,G
154,1,AND,GSWS06,20040501,DSCH,3.398,G
154,1,AND,GSWS06,20040502,DSCH,3.143,G
154,1,AND,GSWS06,20040503,DSCH,2.888,G
154,1,AND,GSWS06,20040504,DSCH,2.690,G
154,1,AND,GSWS06,20040505,DSCH,2.492,G
154,1,AND,GSWS06,20040506,DSCH,2.350,G
154,1,AND,GSWS06,20040507,DSCH,2.265,G
154,1,AND,GSWS06,20040508,DSCH,2.152,G
154,1,AND,GSWS06,20040509,DSCH,2.039,G
154,1,AND,GSWS06,20040510,DSCH,1.982,G
154,1,AND,GSWS06,20040511,DSCH,1.982,G
154,1,AND,GSWS06,20040512,DSCH,1.812,G
154,1,AND,GSWS06,20040513,DSCH,1.671,G
154,1,AND,GSWS06,20040514,DSCH,1.586,G
154,1,AND,GSWS06,20040515,DSCH,1.529,G
154,1,AND,GSWS06,20040516,DSCH,1.586,G
154,1,AND,GSWS06,20040517,DSCH,1.841,G
154,1,AND,GSWS06,20040518,DSCH,2.124,G
154,1,AND,GSWS06,20040519,DSCH,2.152,G
154,1,AND,GSWS06,20040520,DSCH,1.982,G
154,1,AND,GSWS06,20040521,DSCH,1.897,G
154,1,AND,GSWS06,20040522,DSCH,1.812,G
154,1,AND,GSWS06,20040523,DSCH,1.869,G
154,1,AND,GSWS06,20040524,DSCH,1.727,G
154,1,AND,GSWS06,20040525,DSCH,1.642,G
154,1,AND,GSWS06,20040526,DSCH,1.671,G
154,1,AND,GSWS06,20040527,DSCH,2.803,G
154,1,AND,GSWS06,20040528,DSCH,7.221,G
154,1,AND,GSWS06,20040529,DSCH,8.722,G
154,1,AND,GSWS06,20040530,DSCH,7.702,G
154,1,AND,GSWS06,20040531,DSCH,6.456,G
154,1,AND,GSWS06,20040601,DSCH,5.748,G
154,1,AND,GSWS06,20040602,DSCH,5.210,G
154,1,AND,GSWS06,20040603,DSCH,4.616,G
154,1,AND,GSWS06,20040604,DSCH,4.078,G
154,1,AND,GSWS06,20040605,DSCH,3.738,G
154,1,AND,GSWS06,20040606,DSCH,3.681,G
154,1,AND,GSWS06,20040607,DSCH,3.908,G
154,1,AND,GSWS06,20040608,DSCH,4.361,G
154,1,AND,GSWS06,20040609,DSCH,5.692,G
154,1,AND,GSWS06,20040610,DSCH,6.626,G
154,1,AND,GSWS06,20040611,DSCH,6.739,G
154,1,AND,GSWS06,20040612,DSCH,6.400,G
154,1,AND,GSWS06,20040613,DSCH,5.890,G
154,1,AND,GSWS06,20040614,DSCH,5.380,G
154,1,AND,GSWS06,20040615,DSCH,4.899,G
154,1,AND,GSWS06,20040616,DSCH,4.332,G
154,1,AND,GSWS06,20040617,DSCH,3.908,G
154,1,AND,GSWS06,20040618,DSCH,3.596,G
154,1,AND,GSWS06,20040619,DSCH,3.341,G
154,1,AND,GSWS06,20040620,DSCH,3.115,G
154,1,AND,GSWS06,20040621,DSCH,2.832,G
154,1,AND,GSWS06,20040622,DSCH,2.662,G
154,1,AND,GSWS06,20040623,DSCH,2.520,G
154,1,AND,GSWS06,20040624,DSCH,2.379,G
154,1,AND,GSWS06,20040625,DSCH,2.152,G
154,1,AND,GSWS06,20040626,DSCH,2.010,G
154,1,AND,GSWS06,20040627,DSCH,1.926,G
154,1,AND,GSWS06,20040628,DSCH,1.784,G
154,1,AND,GSWS06,20040629,DSCH,1.727,G
154,1,AND,GSWS06,20040630,DSCH,1.926,G
154,1,AND,GSWS06,20040701,DSCH,1.812,G
154,1,AND,GSWS06,20040702,DSCH,1.756,G
154,1,AND,GSWS06,20040703,DSCH,1.671,G
154,1,AND,GSWS06,20040704,DSCH,1.557,G
154,1,AND,GSWS06,20040705,DSCH,1.501,G
154,1,AND,GSWS06,20040706,DSCH,1.416,G
154,1,AND,GSWS06,20040707,DSCH,1.331,G
154,1,AND,GSWS06,20040708,DSCH,1.274,G
154,1,AND,GSWS06,20040709,DSCH,1.189,G
154,1,AND,GSWS06,20040710,DSCH,1.133,G
154,1,AND,GSWS06,20040711,DSCH,1.076,G
154,1,AND,GSWS06,20040712,DSCH,1.019,G
154,1,AND,GSWS06,20040713,DSCH,.963,G
154,1,AND,GSWS06,20040714,DSCH,.934,G
154,1,AND,GSWS06,20040715,DSCH,.906,G
154,1,AND,GSWS06,20040716,DSCH,.850,G
154,1,AND,GSWS06,20040717,DSCH,.821,G
154,1,AND,GSWS06,20040718,DSCH,.793,G
154,1,AND,GSWS06,20040719,DSCH,.793,G
154,1,AND,GSWS06,20040720,DSCH,.736,G
154,1,AND,GSWS06,20040721,DSCH,.708,G
154,1,AND,GSWS06,20040722,DSCH,.680,G
154,1,AND,GSWS06,20040723,DSCH,.623,G
154,1,AND,GSWS06,20040724,DSCH,.595,G
154,1,AND,GSWS06,20040725,DSCH,.566,G
154,1,AND,GSWS06,20040726,DSCH,.538,G
154,1,AND,GSWS06,20040727,DSCH,.510,G
154,1,AND,GSWS06,20040728,DSCH,.481,G
154,1,AND,GSWS06,20040729,DSCH,.481,G
154,1,AND,GSWS06,20040730,DSCH,.453,G
154,1,AND,GSWS06,20040731,DSCH,.453,G
154,1,AND,GSWS06,20040801,DSCH,.425,G
154,1,AND,GSWS06,20040802,DSCH,.425,G
154,1,AND,GSWS06,20040803,DSCH,.425,G
154,1,AND,GSWS06,20040804,DSCH,.396,G
154,1,AND,GSWS06,20040805,DSCH,.396,G
154,1,AND,GSWS06,20040806,DSCH,.396,G
154,1,AND,GSWS06,20040807,DSCH,.396,G
154,1,AND,GSWS06,20040808,DSCH,.340,G
154,1,AND,GSWS06,20040809,DSCH,.311,G
154,1,AND,GSWS06,20040810,DSCH,.311,G
154,1,AND,GSWS06,20040811,DSCH,.283,G
154,1,AND,GSWS06,20040812,DSCH,.255,G
154,1,AND,GSWS06,20040813,DSCH,.255,G
154,1,AND,GSWS06,20040814,DSCH,.227,G
154,1,AND,GSWS06,20040815,DSCH,.227,G
154,1,AND,GSWS06,20040816,DSCH,.198,G
154,1,AND,GSWS06,20040817,DSCH,.198,G
154,1,AND,GSWS06,20040818,DSCH,.170,G
154,1,AND,GSWS06,20040819,DSCH,.170,G
154,1,AND,GSWS06,20040820,DSCH,.142,G
154,1,AND,GSWS06,20040821,DSCH,.142,G
154,1,AND,GSWS06,20040822,DSCH,.821,G
154,1,AND,GSWS06,20040823,DSCH,.311,G
154,1,AND,GSWS06,20040824,DSCH,.255,G
154,1,AND,GSWS06,20040825,DSCH,1.331,G
154,1,AND,GSWS06,20040826,DSCH,.878,G
154,1,AND,GSWS06,20040827,DSCH,.595,G
154,1,AND,GSWS06,20040828,DSCH,.453,G
154,1,AND,GSWS06,20040829,DSCH,.396,G
154,1,AND,GSWS06,20040830,DSCH,.368,G
154,1,AND,GSWS06,20040831,DSCH,.340,G
154,1,AND,GSWS06,20040901,DSCH,.311,G
154,1,AND,GSWS06,20040902,DSCH,.311,G
154,1,AND,GSWS06,20040903,DSCH,.283,G
154,1,AND,GSWS06,20040904,DSCH,.255,G
154,1,AND,GSWS06,20040905,DSCH,.227,G
154,1,AND,GSWS06,20040906,DSCH,.227,G
154,1,AND,GSWS06,20040907,DSCH,.198,G
154,1,AND,GSWS06,20040908,DSCH,.198,G
154,1,AND,GSWS06,20040909,DSCH,.198,G
154,1,AND,GSWS06,20040910,DSCH,.198,G
154,1,AND,GSWS06,20040911,DSCH,.255,G
154,1,AND,GSWS06,20040912,DSCH,.227,G
154,1,AND,GSWS06,20040913,DSCH,.453,G
154,1,AND,GSWS06,20040914,DSCH,.368,G
154,1,AND,GSWS06,20040915,DSCH,.481,G
154,1,AND,GSWS06,20040916,DSCH,.340,G
154,1,AND,GSWS06,20040917,DSCH,.623,G
154,1,AND,GSWS06,20040918,DSCH,.963,G
154,1,AND,GSWS06,20040919,DSCH,.793,G
154,1,AND,GSWS06,20040920,DSCH,.680,G
154,1,AND,GSWS06,20040921,DSCH,.538,G
154,1,AND,GSWS06,20040922,DSCH,.425,G
154,1,AND,GSWS06,20040923,DSCH,.368,G
154,1,AND,GSWS06,20040924,DSCH,.340,G
154,1,AND,GSWS06,20040925,DSCH,.311,G
154,1,AND,GSWS06,20040926,DSCH,.283,G
154,1,AND,GSWS06,20040927,DSCH,.255,G
154,1,AND,GSWS06,20040928,DSCH,.255,G
154,1,AND,GSWS06,20040929,DSCH,.227,G
154,1,AND,GSWS06,20040930,DSCH,.227,G
154,1,AND,GSWS06,20041001,DSCH,.198,G
154,1,AND,GSWS06,20041002,DSCH,.198,G
154,1,AND,GSWS06,20041003,DSCH,.170,G
154,1,AND,GSWS06,20041004,DSCH,.170,G
154,1,AND,GSWS06,20041005,DSCH,.142,G
154,1,AND,GSWS06,20041006,DSCH,.170,G
154,1,AND,GSWS06,20041007,DSCH,.170,G
154,1,AND,GSWS06,20041008,DSCH,.198,G
154,1,AND,GSWS06,20041009,DSCH,.283,G
154,1,AND,GSWS06,20041010,DSCH,.198,G
154,1,AND,GSWS06,20041011,DSCH,.170,G
154,1,AND,GSWS06,20041012,DSCH,.170,G
154,1,AND,GSWS06,20041013,DSCH,.142,G
154,1,AND,GSWS06,20041014,DSCH,.142,G
154,1,AND,GSWS06,20041015,DSCH,.142,G
154,1,AND,GSWS06,20041016,DSCH,.142,G
154,1,AND,GSWS06,20041017,DSCH,.453,G
154,1,AND,GSWS06,20041018,DSCH,.906,G
154,1,AND,GSWS06,20041019,DSCH,.538,G
154,1,AND,GSWS06,20041020,DSCH,.396,G
154,1,AND,GSWS06,20041021,DSCH,.425,G
154,1,AND,GSWS06,20041022,DSCH,.708,G
154,1,AND,GSWS06,20041023,DSCH,.736,G
154,1,AND,GSWS06,20041024,DSCH,.680,G
154,1,AND,GSWS06,20041025,DSCH,.623,G
154,1,AND,GSWS06,20041026,DSCH,.566,G
154,1,AND,GSWS06,20041027,DSCH,.510,G
154,1,AND,GSWS06,20041028,DSCH,.481,G
154,1,AND,GSWS06,20041029,DSCH,.453,G
154,1,AND,GSWS06,20041030,DSCH,.595,G
154,1,AND,GSWS06,20041031,DSCH,.680,G
156,1,AND,GSWS07,20040101,DSCH,4.163,G
156,1,AND,GSWS07,20040102,DSCH,4.134,G
156,1,AND,GSWS07,20040103,DSCH,3.738,G
156,1,AND,GSWS07,20040104,DSCH,3.511,G
156,1,AND,GSWS07,20040105,DSCH,3.285,G
156,1,AND,GSWS07,20040106,DSCH,3.313,G
156,1,AND,GSWS07,20040107,DSCH,5.493,G
156,1,AND,GSWS07,20040108,DSCH,7.136,G
156,1,AND,GSWS07,20040109,DSCH,10.279,G
156,1,AND,GSWS07,20040110,DSCH,13.932,G
156,1,AND,GSWS07,20040111,DSCH,13.337,G
156,1,AND,GSWS07,20040112,DSCH,12.148,G
156,1,AND,GSWS07,20040113,DSCH,12.544,G
156,1,AND,GSWS07,20040114,DSCH,15.319,G
156,1,AND,GSWS07,20040115,DSCH,19.029,G
156,1,AND,GSWS07,20040116,DSCH,18.717,G
156,1,AND,GSWS07,20040117,DSCH,14.951,G
156,1,AND,GSWS07,20040118,DSCH,12.743,G
156,1,AND,GSWS07,20040119,DSCH,15.801,G
156,1,AND,GSWS07,20040120,DSCH,15.857,G
156,1,AND,GSWS07,20040121,DSCH,12.205,G
156,1,AND,GSWS07,20040122,DSCH,9.713,G
156,1,AND,GSWS07,20040123,DSCH,15.942,G
156,1,AND,GSWS07,20040124,DSCH,29.195,G
156,1,AND,GSWS07,20040125,DSCH,22.285,G
156,1,AND,GSWS07,20040126,DSCH,14.583,G
156,1,AND,GSWS07,20040127,DSCH,13.819,G
156,1,AND,GSWS07,20040128,DSCH,20.473,G
156,1,AND,GSWS07,20040129,DSCH,47.374,G
156,1,AND,GSWS07,20040130,DSCH,42.079,G
156,1,AND,GSWS07,20040131,DSCH,24.296,G
156,1,AND,GSWS07,20040201,DSCH,15.121,G
156,1,AND,GSWS07,20040202,DSCH,11.298,G
156,1,AND,GSWS07,20040203,DSCH,9.656,G
156,1,AND,GSWS07,20040204,DSCH,9.118,G
156,1,AND,GSWS07,20040205,DSCH,8.240,G
156,1,AND,GSWS07,20040206,DSCH,8.070,G
156,1,AND,GSWS07,20040207,DSCH,8.467,G
156,1,AND,GSWS07,20040208,DSCH,7.561,G
156,1,AND,GSWS07,20040209,DSCH,6.598,G
156,1,AND,GSWS07,20040210,DSCH,6.768,G
156,1,AND,GSWS07,20040211,DSCH,6.570,G
156,1,AND,GSWS07,20040212,DSCH,6.513,G
156,1,AND,GSWS07,20040213,DSCH,6.173,G
156,1,AND,GSWS07,20040214,DSCH,6.654,G
156,1,AND,GSWS07,20040215,DSCH,8.014,G
156,1,AND,GSWS07,20040216,DSCH,10.959,G
156,1,AND,GSWS07,20040217,DSCH,18.519,G
156,1,AND,GSWS07,20040218,DSCH,23.956,G
156,1,AND,GSWS07,20040219,DSCH,21.096,G
156,1,AND,GSWS07,20040220,DSCH,15.206,G
156,1,AND,GSWS07,20040221,DSCH,11.440,G
156,1,AND,GSWS07,20040222,DSCH,9.373,G
156,1,AND,GSWS07,20040223,DSCH,8.269,G
156,1,AND,GSWS07,20040224,DSCH,7.561,G
156,1,AND,GSWS07,20040225,DSCH,6.994,G
156,1,AND,GSWS07,20040226,DSCH,6.626,G
156,1,AND,GSWS07,20040227,DSCH,6.315,G
156,1,AND,GSWS07,20040228,DSCH,6.513,G
156,1,AND,GSWS07,20040229,DSCH,6.173,G
156,1,AND,GSWS07,20040301,DSCH,7.192,G
156,1,AND,GSWS07,20040302,DSCH,6.938,G
156,1,AND,GSWS07,20040303,DSCH,6.201,G
156,1,AND,GSWS07,20040304,DSCH,6.371,G
156,1,AND,GSWS07,20040305,DSCH,6.598,G
156,1,AND,GSWS07,20040306,DSCH,7.589,G
156,1,AND,GSWS07,20040307,DSCH,7.589,G
156,1,AND,GSWS07,20040308,DSCH,8.240,G
156,1,AND,GSWS07,20040309,DSCH,8.467,G
156,1,AND,GSWS07,20040310,DSCH,7.504,G
156,1,AND,GSWS07,20040311,DSCH,6.201,G
156,1,AND,GSWS07,20040312,DSCH,6.230,G
156,1,AND,GSWS07,20040313,DSCH,5.352,G
156,1,AND,GSWS07,20040314,DSCH,4.587,G
156,1,AND,GSWS07,20040315,DSCH,3.964,G
156,1,AND,GSWS07,20040316,DSCH,3.625,G
156,1,AND,GSWS07,20040317,DSCH,3.313,G
156,1,AND,GSWS07,20040318,DSCH,3.115,G
156,1,AND,GSWS07,20040319,DSCH,2.803,G
156,1,AND,GSWS07,20040320,DSCH,2.549,G
156,1,AND,GSWS07,20040321,DSCH,2.407,G
156,1,AND,GSWS07,20040322,DSCH,2.294,G
156,1,AND,GSWS07,20040323,DSCH,2.180,G
156,1,AND,GSWS07,20040324,DSCH,2.124,G
156,1,AND,GSWS07,20040325,DSCH,2.209,G
156,1,AND,GSWS07,20040326,DSCH,2.464,G
156,1,AND,GSWS07,20040327,DSCH,4.049,G
156,1,AND,GSWS07,20040328,DSCH,3.313,G
156,1,AND,GSWS07,20040329,DSCH,2.633,G
156,1,AND,GSWS07,20040330,DSCH,2.407,G
156,1,AND,GSWS07,20040331,DSCH,2.265,G
156,1,AND,GSWS07,20040401,DSCH,2.124,G
156,1,AND,GSWS07,20040402,DSCH,1.982,G
156,1,AND,GSWS07,20040403,DSCH,1.897,G
156,1,AND,GSWS07,20040404,DSCH,1.869,G
156,1,AND,GSWS07,20040405,DSCH,1.784,G
156,1,AND,GSWS07,20040406,DSCH,1.699,G
156,1,AND,GSWS07,20040407,DSCH,1.614,G
156,1,AND,GSWS07,20040408,DSCH,1.557,G
156,1,AND,GSWS07,20040409,DSCH,1.501,G
156,1,AND,GSWS07,20040410,DSCH,1.444,G
156,1,AND,GSWS07,20040411,DSCH,1.359,G
156,1,AND,GSWS07,20040412,DSCH,1.331,G
156,1,AND,GSWS07,20040413,DSCH,1.359,G
156,1,AND,GSWS07,20040414,DSCH,1.614,G
156,1,AND,GSWS07,20040415,DSCH,1.869,G
156,1,AND,GSWS07,20040416,DSCH,2.095,G
156,1,AND,GSWS07,20040417,DSCH,2.039,G
156,1,AND,GSWS07,20040418,DSCH,2.039,G
156,1,AND,GSWS07,20040419,DSCH,2.294,G
156,1,AND,GSWS07,20040420,DSCH,5.154,G
156,1,AND,GSWS07,20040421,DSCH,8.835,G
156,1,AND,GSWS07,20040422,DSCH,8.778,G
156,1,AND,GSWS07,20040423,DSCH,7.504,G
156,1,AND,GSWS07,20040424,DSCH,6.201,G
156,1,AND,GSWS07,20040425,DSCH,5.578,G
156,1,AND,GSWS07,20040426,DSCH,4.474,G
156,1,AND,GSWS07,20040427,DSCH,3.908,G
156,1,AND,GSWS07,20040428,DSCH,3.625,G
156,1,AND,GSWS07,20040429,DSCH,3.256,G
156,1,AND,GSWS07,20040430,DSCH,2.917,G
156,1,AND,GSWS07,20040501,DSCH,2.633,G
156,1,AND,GSWS07,20040502,DSCH,2.435,G
156,1,AND,GSWS07,20040503,DSCH,2.265,G
156,1,AND,GSWS07,20040504,DSCH,2.180,G
156,1,AND,GSWS07,20040505,DSCH,2.095,G
156,1,AND,GSWS07,20040506,DSCH,1.982,G
156,1,AND,GSWS07,20040507,DSCH,1.897,G
156,1,AND,GSWS07,20040508,DSCH,1.812,G
156,1,AND,GSWS07,20040509,DSCH,1.699,G
156,1,AND,GSWS07,20040510,DSCH,1.699,G
156,1,AND,GSWS07,20040511,DSCH,1.756,G
156,1,AND,GSWS07,20040512,DSCH,1.614,G
156,1,AND,GSWS07,20040513,DSCH,1.501,G
156,1,AND,GSWS07,20040514,DSCH,1.388,G
156,1,AND,GSWS07,20040515,DSCH,1.331,G
156,1,AND,GSWS07,20040516,DSCH,1.331,G
156,1,AND,GSWS07,20040517,DSCH,1.586,G
156,1,AND,GSWS07,20040518,DSCH,2.067,G
156,1,AND,GSWS07,20040519,DSCH,2.464,G
156,1,AND,GSWS07,20040520,DSCH,2.095,G
156,1,AND,GSWS07,20040521,DSCH,1.869,G
156,1,AND,GSWS07,20040522,DSCH,1.812,G
156,1,AND,GSWS07,20040523,DSCH,1.812,G
156,1,AND,GSWS07,20040524,DSCH,1.727,G
156,1,AND,GSWS07,20040525,DSCH,1.614,G
156,1,AND,GSWS07,20040526,DSCH,1.614,G
156,1,AND,GSWS07,20040527,DSCH,3.030,G
156,1,AND,GSWS07,20040528,DSCH,9.458,G
156,1,AND,GSWS07,20040529,DSCH,7.957,G
156,1,AND,GSWS07,20040530,DSCH,6.796,G
156,1,AND,GSWS07,20040531,DSCH,6.031,G
156,1,AND,GSWS07,20040601,DSCH,4.786,G
156,1,AND,GSWS07,20040602,DSCH,4.021,G
156,1,AND,GSWS07,20040603,DSCH,3.596,G
156,1,AND,GSWS07,20040604,DSCH,3.200,G
156,1,AND,GSWS07,20040605,DSCH,2.973,G
156,1,AND,GSWS07,20040606,DSCH,3.030,G
156,1,AND,GSWS07,20040607,DSCH,3.625,G
156,1,AND,GSWS07,20040608,DSCH,4.446,G
156,1,AND,GSWS07,20040609,DSCH,5.975,G
156,1,AND,GSWS07,20040610,DSCH,6.456,G
156,1,AND,GSWS07,20040611,DSCH,6.116,G
156,1,AND,GSWS07,20040612,DSCH,5.522,G
156,1,AND,GSWS07,20040613,DSCH,4.757,G
156,1,AND,GSWS07,20040614,DSCH,4.134,G
156,1,AND,GSWS07,20040615,DSCH,3.625,G
156,1,AND,GSWS07,20040616,DSCH,3.285,G
156,1,AND,GSWS07,20040617,DSCH,3.002,G
156,1,AND,GSWS07,20040618,DSCH,2.775,G
156,1,AND,GSWS07,20040619,DSCH,2.577,G
156,1,AND,GSWS07,20040620,DSCH,2.350,G
156,1,AND,GSWS07,20040621,DSCH,2.180,G
156,1,AND,GSWS07,20040622,DSCH,2.039,G
156,1,AND,GSWS07,20040623,DSCH,2.010,G
156,1,AND,GSWS07,20040624,DSCH,1.982,G
156,1,AND,GSWS07,20040625,DSCH,1.841,G
156,1,AND,GSWS07,20040626,DSCH,1.727,G
156,1,AND,GSWS07,20040627,DSCH,1.642,G
156,1,AND,GSWS07,20040628,DSCH,1.557,G
156,1,AND,GSWS07,20040629,DSCH,1.472,G
156,1,AND,GSWS07,20040630,DSCH,1.218,G
156,1,AND,GSWS07,20040701,DSCH,1.133,G
156,1,AND,GSWS07,20040702,DSCH,1.104,G
156,1,AND,GSWS07,20040703,DSCH,1.048,G
156,1,AND,GSWS07,20040704,DSCH,.991,G
156,1,AND,GSWS07,20040705,DSCH,.934,G
156,1,AND,GSWS07,20040706,DSCH,.878,G
156,1,AND,GSWS07,20040707,DSCH,.850,G
156,1,AND,GSWS07,20040708,DSCH,.821,G
156,1,AND,GSWS07,20040709,DSCH,.793,G
156,1,AND,GSWS07,20040710,DSCH,.736,G
156,1,AND,GSWS07,20040711,DSCH,.708,G
156,1,AND,GSWS07,20040712,DSCH,.680,G
156,1,AND,GSWS07,20040713,DSCH,.651,G
156,1,AND,GSWS07,20040714,DSCH,.623,G
156,1,AND,GSWS07,20040715,DSCH,.623,G
156,1,AND,GSWS07,20040716,DSCH,.595,G
156,1,AND,GSWS07,20040717,DSCH,.566,G
156,1,AND,GSWS07,20040718,DSCH,.566,G
156,1,AND,GSWS07,20040719,DSCH,.595,G
156,1,AND,GSWS07,20040720,DSCH,.538,G
156,1,AND,GSWS07,20040721,DSCH,.510,G
156,1,AND,GSWS07,20040722,DSCH,.481,G
156,1,AND,GSWS07,20040723,DSCH,.481,G
156,1,AND,GSWS07,20040724,DSCH,.510,G
156,1,AND,GSWS07,20040725,DSCH,.481,G
156,1,AND,GSWS07,20040726,DSCH,.481,G
156,1,AND,GSWS07,20040727,DSCH,.453,G
156,1,AND,GSWS07,20040728,DSCH,.425,G
156,1,AND,GSWS07,20040729,DSCH,.396,G
156,1,AND,GSWS07,20040730,DSCH,.396,G
156,1,AND,GSWS07,20040731,DSCH,.368,G
156,1,AND,GSWS07,20040801,DSCH,.368,G
156,1,AND,GSWS07,20040802,DSCH,.368,G
156,1,AND,GSWS07,20040803,DSCH,.368,G
156,1,AND,GSWS07,20040804,DSCH,.311,G
156,1,AND,GSWS07,20040805,DSCH,.340,G
156,1,AND,GSWS07,20040806,DSCH,.368,G
156,1,AND,GSWS07,20040807,DSCH,.311,G
156,1,AND,GSWS07,20040808,DSCH,.311,G
156,1,AND,GSWS07,20040809,DSCH,.283,G
156,1,AND,GSWS07,20040810,DSCH,.283,G
156,1,AND,GSWS07,20040811,DSCH,.283,G
156,1,AND,GSWS07,20040812,DSCH,.255,G
156,1,AND,GSWS07,20040813,DSCH,.255,G
156,1,AND,GSWS07,20040814,DSCH,.255,G
156,1,AND,GSWS07,20040815,DSCH,.255,G
156,1,AND,GSWS07,20040816,DSCH,.255,G
156,1,AND,GSWS07,20040817,DSCH,.227,G
156,1,AND,GSWS07,20040818,DSCH,.227,G
156,1,AND,GSWS07,20040819,DSCH,.227,G
156,1,AND,GSWS07,20040820,DSCH,.227,G
156,1,AND,GSWS07,20040821,DSCH,.227,G
156,1,AND,GSWS07,20040822,DSCH,.963,G
156,1,AND,GSWS07,20040823,DSCH,.453,G
156,1,AND,GSWS07,20040824,DSCH,.396,G
156,1,AND,GSWS07,20040825,DSCH,1.614,G
156,1,AND,GSWS07,20040826,DSCH,.991,G
156,1,AND,GSWS07,20040827,DSCH,.595,G
156,1,AND,GSWS07,20040828,DSCH,.425,G
156,1,AND,GSWS07,20040829,DSCH,.340,G
156,1,AND,GSWS07,20040830,DSCH,.311,G
156,1,AND,GSWS07,20040831,DSCH,.283,G
156,1,AND,GSWS07,20040901,DSCH,.311,G
156,1,AND,GSWS07,20040902,DSCH,.340,G
156,1,AND,GSWS07,20040903,DSCH,.283,G
156,1,AND,GSWS07,20040904,DSCH,.255,G
156,1,AND,GSWS07,20040905,DSCH,.255,G
156,1,AND,GSWS07,20040906,DSCH,.227,G
156,1,AND,GSWS07,20040907,DSCH,.227,G
156,1,AND,GSWS07,20040908,DSCH,.227,G
156,1,AND,GSWS07,20040909,DSCH,.227,G
156,1,AND,GSWS07,20040910,DSCH,.227,G
156,1,AND,GSWS07,20040911,DSCH,.368,G
156,1,AND,GSWS07,20040912,DSCH,.311,G
156,1,AND,GSWS07,20040913,DSCH,.651,G
156,1,AND,GSWS07,20040914,DSCH,.510,G
156,1,AND,GSWS07,20040915,DSCH,.680,G
156,1,AND,GSWS07,20040916,DSCH,.453,G
156,1,AND,GSWS07,20040917,DSCH,.765,G
156,1,AND,GSWS07,20040918,DSCH,1.359,G
156,1,AND,GSWS07,20040919,DSCH,1.104,G
156,1,AND,GSWS07,20040920,DSCH,.878,G
156,1,AND,GSWS07,20040921,DSCH,.651,G
156,1,AND,GSWS07,20040922,DSCH,.510,G
156,1,AND,GSWS07,20040923,DSCH,.425,G
156,1,AND,GSWS07,20040924,DSCH,.368,G
156,1,AND,GSWS07,20040925,DSCH,.340,G
156,1,AND,GSWS07,20040926,DSCH,.340,G
156,1,AND,GSWS07,20040927,DSCH,.311,G
156,1,AND,GSWS07,20040928,DSCH,.283,G
156,1,AND,GSWS07,20040929,DSCH,.255,G
156,1,AND,GSWS07,20040930,DSCH,.255,G
156,1,AND,GSWS07,20041001,DSCH,.227,G
156,1,AND,GSWS07,20041002,DSCH,.198,G
156,1,AND,GSWS07,20041003,DSCH,.198,G
156,1,AND,GSWS07,20041004,DSCH,.198,G
156,1,AND,GSWS07,20041005,DSCH,.170,G
156,1,AND,GSWS07,20041006,DSCH,.227,G
156,1,AND,GSWS07,20041007,DSCH,.227,G
156,1,AND,GSWS07,20041008,DSCH,.283,G
156,1,AND,GSWS07,20041009,DSCH,.396,G
156,1,AND,GSWS07,20041010,DSCH,.283,G
156,1,AND,GSWS07,20041011,DSCH,.227,G
156,1,AND,GSWS07,20041012,DSCH,.227,G
156,1,AND,GSWS07,20041013,DSCH,.311,G
156,1,AND,GSWS07,20041014,DSCH,.311,G
156,1,AND,GSWS07,20041015,DSCH,.311,G
156,1,AND,GSWS07,20041016,DSCH,.311,G
156,1,AND,GSWS07,20041017,DSCH,.708,G
156,1,AND,GSWS07,20041018,DSCH,1.359,G
156,1,AND,GSWS07,20041019,DSCH,1.076,G
156,1,AND,GSWS07,20041020,DSCH,.736,G
156,1,AND,GSWS07,20041021,DSCH,.680,G
156,1,AND,GSWS07,20041022,DSCH,1.048,G
156,1,AND,GSWS07,20041023,DSCH,1.303,G
156,1,AND,GSWS07,20041024,DSCH,1.104,G
156,1,AND,GSWS07,20041025,DSCH,.934,G
156,1,AND,GSWS07,20041026,DSCH,.765,G
156,1,AND,GSWS07,20041027,DSCH,.651,G
156,1,AND,GSWS07,20041028,DSCH,.595,G
156,1,AND,GSWS07,20041029,DSCH,.595,G
156,1,AND,GSWS07,20041030,DSCH,.765,G
156,1,AND,GSWS07,20041031,DSCH,.934,G
158,1,AND,GSWS08,20040101,DSCH,4.248,G
158,1,AND,GSWS08,20040102,DSCH,3.794,G
158,1,AND,GSWS08,20040103,DSCH,3.483,G
158,1,AND,GSWS08,20040104,DSCH,3.228,G
158,1,AND,GSWS08,20040105,DSCH,3.030,G
158,1,AND,GSWS08,20040106,DSCH,3.087,G
158,1,AND,GSWS08,20040107,DSCH,9.911,G
158,1,AND,GSWS08,20040108,DSCH,15.829,G
158,1,AND,GSWS08,20040109,DSCH,20.360,G
158,1,AND,GSWS08,20040110,DSCH,21.606,G
158,1,AND,GSWS08,20040111,DSCH,20.445,G
158,1,AND,GSWS08,20040112,DSCH,21.662,G
158,1,AND,GSWS08,20040113,DSCH,23.248,G
158,1,AND,GSWS08,20040114,DSCH,27.920,G
158,1,AND,GSWS08,20040115,DSCH,32.451,G
158,1,AND,GSWS08,20040116,DSCH,28.147,G
158,1,AND,GSWS08,20040117,DSCH,23.276,G
158,1,AND,GSWS08,20040118,DSCH,20.983,G
158,1,AND,GSWS08,20040119,DSCH,24.636,G
158,1,AND,GSWS08,20040120,DSCH,22.852,G
158,1,AND,GSWS08,20040121,DSCH,18.519,G
158,1,AND,GSWS08,20040122,DSCH,14.696,G
158,1,AND,GSWS08,20040123,DSCH,27.071,G
158,1,AND,GSWS08,20040124,DSCH,45.222,G
158,1,AND,GSWS08,20040125,DSCH,30.582,G
158,1,AND,GSWS08,20040126,DSCH,21.747,G
158,1,AND,GSWS08,20040127,DSCH,25.967,G
158,1,AND,GSWS08,20040128,DSCH,43.155,G
158,1,AND,GSWS08,20040129,DSCH,83.591,G
158,1,AND,GSWS08,20040130,DSCH,58.304,G
158,1,AND,GSWS08,20040131,DSCH,36.217,G
158,1,AND,GSWS08,20040201,DSCH,23.899,G
158,1,AND,GSWS08,20040202,DSCH,21.323,G
158,1,AND,GSWS08,20040203,DSCH,18.038,G
158,1,AND,GSWS08,20040204,DSCH,15.489,G
158,1,AND,GSWS08,20040205,DSCH,13.054,G
158,1,AND,GSWS08,20040206,DSCH,12.488,G
158,1,AND,GSWS08,20040207,DSCH,11.808,G
158,1,AND,GSWS08,20040208,DSCH,10.307,G
158,1,AND,GSWS08,20040209,DSCH,9.175,G
158,1,AND,GSWS08,20040210,DSCH,8.099,G
158,1,AND,GSWS08,20040211,DSCH,7.872,G
158,1,AND,GSWS08,20040212,DSCH,7.900,G
158,1,AND,GSWS08,20040213,DSCH,8.212,G
158,1,AND,GSWS08,20040214,DSCH,8.835,G
158,1,AND,GSWS08,20040215,DSCH,10.789,G
158,1,AND,GSWS08,20040216,DSCH,15.036,G
158,1,AND,GSWS08,20040217,DSCH,26.221,G
158,1,AND,GSWS08,20040218,DSCH,32.479,G
158,1,AND,GSWS08,20040219,DSCH,26.165,G
158,1,AND,GSWS08,20040220,DSCH,21.323,G
158,1,AND,GSWS08,20040221,DSCH,17.387,G
158,1,AND,GSWS08,20040222,DSCH,13.932,G
158,1,AND,GSWS08,20040223,DSCH,11.836,G
158,1,AND,GSWS08,20040224,DSCH,10.279,G
158,1,AND,GSWS08,20040225,DSCH,9.288,G
158,1,AND,GSWS08,20040226,DSCH,8.722,G
158,1,AND,GSWS08,20040227,DSCH,8.863,G
158,1,AND,GSWS08,20040228,DSCH,9.599,G
158,1,AND,GSWS08,20040229,DSCH,8.976,G
158,1,AND,GSWS08,20040301,DSCH,10.307,G
158,1,AND,GSWS08,20040302,DSCH,9.741,G
158,1,AND,GSWS08,20040303,DSCH,8.863,G
158,1,AND,GSWS08,20040304,DSCH,8.835,G
158,1,AND,GSWS08,20040305,DSCH,9.996,G
158,1,AND,GSWS08,20040306,DSCH,12.035,G
158,1,AND,GSWS08,20040307,DSCH,11.667,G
158,1,AND,GSWS08,20040308,DSCH,12.969,G
158,1,AND,GSWS08,20040309,DSCH,12.714,G
158,1,AND,GSWS08,20040310,DSCH,10.874,G
158,1,AND,GSWS08,20040311,DSCH,9.430,G
158,1,AND,GSWS08,20040312,DSCH,8.155,G
158,1,AND,GSWS08,20040313,DSCH,6.796,G
158,1,AND,GSWS08,20040314,DSCH,5.947,G
158,1,AND,GSWS08,20040315,DSCH,5.210,G
158,1,AND,GSWS08,20040316,DSCH,4.531,G
158,1,AND,GSWS08,20040317,DSCH,4.106,G
158,1,AND,GSWS08,20040318,DSCH,3.681,G
158,1,AND,GSWS08,20040319,DSCH,3.313,G
158,1,AND,GSWS08,20040320,DSCH,2.973,G
158,1,AND,GSWS08,20040321,DSCH,2.718,G
158,1,AND,GSWS08,20040322,DSCH,2.520,G
158,1,AND,GSWS08,20040323,DSCH,2.379,G
158,1,AND,GSWS08,20040324,DSCH,2.322,G
158,1,AND,GSWS08,20040325,DSCH,2.464,G
158,1,AND,GSWS08,20040326,DSCH,3.058,G
158,1,AND,GSWS08,20040327,DSCH,6.060,G
158,1,AND,GSWS08,20040328,DSCH,4.502,G
158,1,AND,GSWS08,20040329,DSCH,3.653,G
158,1,AND,GSWS08,20040330,DSCH,3.313,G
158,1,AND,GSWS08,20040331,DSCH,3.002,G
158,1,AND,GSWS08,20040401,DSCH,2.747,G
158,1,AND,GSWS08,20040402,DSCH,2.549,G
158,1,AND,GSWS08,20040403,DSCH,2.379,G
158,1,AND,GSWS08,20040404,DSCH,2.237,G
158,1,AND,GSWS08,20040405,DSCH,2.152,G
158,1,AND,GSWS08,20040406,DSCH,2.067,G
158,1,AND,GSWS08,20040407,DSCH,1.954,G
158,1,AND,GSWS08,20040408,DSCH,1.869,G
158,1,AND,GSWS08,20040409,DSCH,1.784,G
158,1,AND,GSWS08,20040410,DSCH,1.699,G
158,1,AND,GSWS08,20040411,DSCH,1.642,G
158,1,AND,GSWS08,20040412,DSCH,1.642,G
158,1,AND,GSWS08,20040413,DSCH,1.699,G
158,1,AND,GSWS08,20040414,DSCH,2.237,G
158,1,AND,GSWS08,20040415,DSCH,2.832,G
158,1,AND,GSWS08,20040416,DSCH,3.087,G
158,1,AND,GSWS08,20040417,DSCH,3.143,G
158,1,AND,GSWS08,20040418,DSCH,3.058,G
158,1,AND,GSWS08,20040419,DSCH,3.568,G
158,1,AND,GSWS08,20040420,DSCH,8.212,G
158,1,AND,GSWS08,20040421,DSCH,14.725,G
158,1,AND,GSWS08,20040422,DSCH,14.017,G
158,1,AND,GSWS08,20040423,DSCH,11.751,G
158,1,AND,GSWS08,20040424,DSCH,9.628,G
158,1,AND,GSWS08,20040425,DSCH,7.929,G
158,1,AND,GSWS08,20040426,DSCH,6.456,G
158,1,AND,GSWS08,20040427,DSCH,5.522,G
158,1,AND,GSWS08,20040428,DSCH,4.842,G
158,1,AND,GSWS08,20040429,DSCH,4.304,G
158,1,AND,GSWS08,20040430,DSCH,3.823,G
158,1,AND,GSWS08,20040501,DSCH,3.398,G
158,1,AND,GSWS08,20040502,DSCH,3.087,G
158,1,AND,GSWS08,20040503,DSCH,2.832,G
158,1,AND,GSWS08,20040504,DSCH,2.633,G
158,1,AND,GSWS08,20040505,DSCH,2.464,G
158,1,AND,GSWS08,20040506,DSCH,2.322,G
158,1,AND,GSWS08,20040507,DSCH,2.265,G
158,1,AND,GSWS08,20040508,DSCH,2.265,G
158,1,AND,GSWS08,20040509,DSCH,2.124,G
158,1,AND,GSWS08,20040510,DSCH,2.152,G
158,1,AND,GSWS08,20040511,DSCH,2.379,G
158,1,AND,GSWS08,20040512,DSCH,2.124,G
158,1,AND,GSWS08,20040513,DSCH,1.926,G
158,1,AND,GSWS08,20040514,DSCH,1.784,G
158,1,AND,GSWS08,20040515,DSCH,1.756,G
158,1,AND,GSWS08,20040516,DSCH,1.841,G
158,1,AND,GSWS08,20040517,DSCH,2.095,G
158,1,AND,GSWS08,20040518,DSCH,3.143,G
158,1,AND,GSWS08,20040519,DSCH,3.596,G
158,1,AND,GSWS08,20040520,DSCH,2.973,G
158,1,AND,GSWS08,20040521,DSCH,2.577,G
158,1,AND,GSWS08,20040522,DSCH,2.435,G
158,1,AND,GSWS08,20040523,DSCH,2.520,G
158,1,AND,GSWS08,20040524,DSCH,2.322,G
158,1,AND,GSWS08,20040525,DSCH,2.152,G
158,1,AND,GSWS08,20040526,DSCH,2.237,G
158,1,AND,GSWS08,20040527,DSCH,5.522,G
158,1,AND,GSWS08,20040528,DSCH,16.169,G
158,1,AND,GSWS08,20040529,DSCH,14.442,G
158,1,AND,GSWS08,20040530,DSCH,11.129,G
158,1,AND,GSWS08,20040531,DSCH,8.835,G
158,1,AND,GSWS08,20040601,DSCH,7.108,G
158,1,AND,GSWS08,20040602,DSCH,5.918,G
158,1,AND,GSWS08,20040603,DSCH,5.097,G
158,1,AND,GSWS08,20040604,DSCH,4.474,G
158,1,AND,GSWS08,20040605,DSCH,4.134,G
158,1,AND,GSWS08,20040606,DSCH,4.389,G
158,1,AND,GSWS08,20040607,DSCH,5.748,G
158,1,AND,GSWS08,20040608,DSCH,7.447,G
158,1,AND,GSWS08,20040609,DSCH,10.251,G
158,1,AND,GSWS08,20040610,DSCH,11.185,G
158,1,AND,GSWS08,20040611,DSCH,10.279,G
158,1,AND,GSWS08,20040612,DSCH,8.920,G
158,1,AND,GSWS08,20040613,DSCH,7.731,G
158,1,AND,GSWS08,20040614,DSCH,6.456,G
158,1,AND,GSWS08,20040615,DSCH,5.663,G
158,1,AND,GSWS08,20040616,DSCH,4.955,G
158,1,AND,GSWS08,20040617,DSCH,4.446,G
158,1,AND,GSWS08,20040618,DSCH,3.964,G
158,1,AND,GSWS08,20040619,DSCH,3.511,G
158,1,AND,GSWS08,20040620,DSCH,3.171,G
158,1,AND,GSWS08,20040621,DSCH,2.888,G
158,1,AND,GSWS08,20040622,DSCH,2.662,G
158,1,AND,GSWS08,20040623,DSCH,2.492,G
158,1,AND,GSWS08,20040624,DSCH,2.322,G
158,1,AND,GSWS08,20040625,DSCH,2.180,G
158,1,AND,GSWS08,20040626,DSCH,2.067,G
158,1,AND,GSWS08,20040627,DSCH,1.926,G
158,1,AND,GSWS08,20040628,DSCH,1.812,G
158,1,AND,GSWS08,20040629,DSCH,1.727,G
158,1,AND,GSWS08,20040630,DSCH,2.039,G
158,1,AND,GSWS08,20040701,DSCH,1.954,G
158,1,AND,GSWS08,20040702,DSCH,1.841,G
158,1,AND,GSWS08,20040703,DSCH,1.756,G
158,1,AND,GSWS08,20040704,DSCH,1.671,G
158,1,AND,GSWS08,20040705,DSCH,1.557,G
158,1,AND,GSWS08,20040706,DSCH,1.501,G
158,1,AND,GSWS08,20040707,DSCH,1.444,G
158,1,AND,GSWS08,20040708,DSCH,1.388,G
158,1,AND,GSWS08,20040709,DSCH,1.331,G
158,1,AND,GSWS08,20040710,DSCH,1.303,G
158,1,AND,GSWS08,20040711,DSCH,1.246,G
158,1,AND,GSWS08,20040712,DSCH,1.189,G
158,1,AND,GSWS08,20040713,DSCH,1.133,G
158,1,AND,GSWS08,20040714,DSCH,1.104,G
158,1,AND,GSWS08,20040715,DSCH,1.048,G
158,1,AND,GSWS08,20040716,DSCH,1.019,G
158,1,AND,GSWS08,20040717,DSCH,.963,G
158,1,AND,GSWS08,20040718,DSCH,.934,G
158,1,AND,GSWS08,20040719,DSCH,.963,G
158,1,AND,GSWS08,20040720,DSCH,.878,G
158,1,AND,GSWS08,20040721,DSCH,.850,G
158,1,AND,GSWS08,20040722,DSCH,.793,G
158,1,AND,GSWS08,20040723,DSCH,.736,G
158,1,AND,GSWS08,20040724,DSCH,.708,G
158,1,AND,GSWS08,20040725,DSCH,.680,G
158,1,AND,GSWS08,20040726,DSCH,.651,G
158,1,AND,GSWS08,20040727,DSCH,.623,G
158,1,AND,GSWS08,20040728,DSCH,.595,G
158,1,AND,GSWS08,20040729,DSCH,.566,G
158,1,AND,GSWS08,20040730,DSCH,.566,G
158,1,AND,GSWS08,20040731,DSCH,.538,G
158,1,AND,GSWS08,20040801,DSCH,.510,G
158,1,AND,GSWS08,20040802,DSCH,.510,G
158,1,AND,GSWS08,20040803,DSCH,.481,G
158,1,AND,GSWS08,20040804,DSCH,.481,G
158,1,AND,GSWS08,20040805,DSCH,.481,G
158,1,AND,GSWS08,20040806,DSCH,.538,G
158,1,AND,GSWS08,20040807,DSCH,.510,G
158,1,AND,GSWS08,20040808,DSCH,.425,G
158,1,AND,GSWS08,20040809,DSCH,.396,G
158,1,AND,GSWS08,20040810,DSCH,.396,G
158,1,AND,GSWS08,20040811,DSCH,.368,G
158,1,AND,GSWS08,20040812,DSCH,.340,G
158,1,AND,GSWS08,20040813,DSCH,.340,G
158,1,AND,GSWS08,20040814,DSCH,.311,G
158,1,AND,GSWS08,20040815,DSCH,.311,G
158,1,AND,GSWS08,20040816,DSCH,.283,G
158,1,AND,GSWS08,20040817,DSCH,.283,G
158,1,AND,GSWS08,20040818,DSCH,.255,G
158,1,AND,GSWS08,20040819,DSCH,.255,G
158,1,AND,GSWS08,20040820,DSCH,.227,G
158,1,AND,GSWS08,20040821,DSCH,.227,G
158,1,AND,GSWS08,20040822,DSCH,2.520,G
158,1,AND,GSWS08,20040823,DSCH,.934,G
158,1,AND,GSWS08,20040824,DSCH,.651,G
158,1,AND,GSWS08,20040825,DSCH,4.672,G
158,1,AND,GSWS08,20040826,DSCH,3.030,G
158,1,AND,GSWS08,20040827,DSCH,1.699,G
158,1,AND,GSWS08,20040828,DSCH,1.133,G
158,1,AND,GSWS08,20040829,DSCH,.878,G
158,1,AND,GSWS08,20040830,DSCH,.736,G
158,1,AND,GSWS08,20040831,DSCH,.651,G
158,1,AND,GSWS08,20040901,DSCH,.623,G
158,1,AND,GSWS08,20040902,DSCH,.623,G
158,1,AND,GSWS08,20040903,DSCH,.595,G
158,1,AND,GSWS08,20040904,DSCH,.538,G
158,1,AND,GSWS08,20040905,DSCH,.510,G
158,1,AND,GSWS08,20040906,DSCH,.453,G
158,1,AND,GSWS08,20040907,DSCH,.453,G
158,1,AND,GSWS08,20040908,DSCH,.425,G
158,1,AND,GSWS08,20040909,DSCH,.425,G
158,1,AND,GSWS08,20040910,DSCH,.396,G
158,1,AND,GSWS08,20040911,DSCH,.736,G
158,1,AND,GSWS08,20040912,DSCH,.538,G
158,1,AND,GSWS08,20040913,DSCH,1.472,G
158,1,AND,GSWS08,20040914,DSCH,1.331,G
158,1,AND,GSWS08,20040915,DSCH,1.869,G
158,1,AND,GSWS08,20040916,DSCH,1.189,G
158,1,AND,GSWS08,20040917,DSCH,1.954,G
158,1,AND,GSWS08,20040918,DSCH,3.710,G
158,1,AND,GSWS08,20040919,DSCH,2.917,G
158,1,AND,GSWS08,20040920,DSCH,2.322,G
158,1,AND,GSWS08,20040921,DSCH,1.841,G
158,1,AND,GSWS08,20040922,DSCH,1.501,G
158,1,AND,GSWS08,20040923,DSCH,1.246,G
158,1,AND,GSWS08,20040924,DSCH,1.076,G
158,1,AND,GSWS08,20040925,DSCH,.991,G
158,1,AND,GSWS08,20040926,DSCH,.934,G
158,1,AND,GSWS08,20040927,DSCH,.850,G
158,1,AND,GSWS08,20040928,DSCH,.765,G
158,1,AND,GSWS08,20040929,DSCH,.736,G
158,1,AND,GSWS08,20040930,DSCH,.708,G
158,1,AND,GSWS08,20041001,DSCH,.651,G
158,1,AND,GSWS08,20041002,DSCH,.623,G
158,1,AND,GSWS08,20041003,DSCH,.595,G
158,1,AND,GSWS08,20041004,DSCH,.566,G
158,1,AND,GSWS08,20041005,DSCH,.538,G
158,1,AND,GSWS08,20041006,DSCH,.595,G
158,1,AND,GSWS08,20041007,DSCH,.595,G
158,1,AND,GSWS08,20041008,DSCH,.680,G
158,1,AND,GSWS08,20041009,DSCH,1.076,G
158,1,AND,GSWS08,20041010,DSCH,.736,G
158,1,AND,GSWS08,20041011,DSCH,.623,G
158,1,AND,GSWS08,20041012,DSCH,.566,G
158,1,AND,GSWS08,20041013,DSCH,.566,G
158,1,AND,GSWS08,20041014,DSCH,.538,G
158,1,AND,GSWS08,20041015,DSCH,.538,G
158,1,AND,GSWS08,20041016,DSCH,.538,G
158,1,AND,GSWS08,20041017,DSCH,1.444,G
158,1,AND,GSWS08,20041018,DSCH,2.973,G
158,1,AND,GSWS08,20041019,DSCH,2.124,G
158,1,AND,GSWS08,20041020,DSCH,1.614,G
158,1,AND,GSWS08,20041021,DSCH,1.586,G
158,1,AND,GSWS08,20041022,DSCH,2.379,G
158,1,AND,GSWS08,20041023,DSCH,2.718,G
158,1,AND,GSWS08,20041024,DSCH,2.492,G
158,1,AND,GSWS08,20041025,DSCH,2.209,G
158,1,AND,GSWS08,20041026,DSCH,1.954,G
158,1,AND,GSWS08,20041027,DSCH,1.727,G
158,1,AND,GSWS08,20041028,DSCH,1.699,G
158,1,AND,GSWS08,20041029,DSCH,1.727,G
158,1,AND,GSWS08,20041030,DSCH,1.756,G
158,1,AND,GSWS08,20041031,DSCH,1.982,G
158,1,AND,GSWS08,20041101,DSCH,2.124,G
160,1,AND,GSWS09,20040101,DSCH,8.240,G
160,1,AND,GSWS09,20040102,DSCH,7.079,G
160,1,AND,GSWS09,20040103,DSCH,5.267,G
160,1,AND,GSWS09,20040104,DSCH,4.559,G
160,1,AND,GSWS09,20040105,DSCH,3.681,G
160,1,AND,GSWS09,20040106,DSCH,3.596,G
160,1,AND,GSWS09,20040107,DSCH,15.886,G
160,1,AND,GSWS09,20040108,DSCH,20.586,G
160,1,AND,GSWS09,20040109,DSCH,22.172,G
160,1,AND,GSWS09,20040110,DSCH,16.112,G
160,1,AND,GSWS09,20040111,DSCH,11.327,G
160,1,AND,GSWS09,20040112,DSCH,8.580,G
160,1,AND,GSWS09,20040113,DSCH,7.108,G
160,1,AND,GSWS09,20040114,DSCH,6.654,G
160,1,AND,GSWS09,20040115,DSCH,7.108,G
160,1,AND,GSWS09,20040116,DSCH,6.230,G
160,1,AND,GSWS09,20040117,DSCH,5.125,G
160,1,AND,GSWS09,20040118,DSCH,5.239,G
160,1,AND,GSWS09,20040119,DSCH,9.260,G
160,1,AND,GSWS09,20040120,DSCH,6.739,G
160,1,AND,GSWS09,20040121,DSCH,4.927,G
160,1,AND,GSWS09,20040122,DSCH,4.106,G
160,1,AND,GSWS09,20040123,DSCH,19.822,G
160,1,AND,GSWS09,20040124,DSCH,18.774,G
160,1,AND,GSWS09,20040125,DSCH,12.403,G
160,1,AND,GSWS09,20040126,DSCH,9.514,G
160,1,AND,GSWS09,20040127,DSCH,20.247,G
160,1,AND,GSWS09,20040128,DSCH,31.035,G
160,1,AND,GSWS09,20040129,DSCH,29.874,G
160,1,AND,GSWS09,20040130,DSCH,27.751,G
160,1,AND,GSWS09,20040131,DSCH,20.133,G
160,1,AND,GSWS09,20040201,DSCH,17.047,G
160,1,AND,GSWS09,20040202,DSCH,15.093,G
160,1,AND,GSWS09,20040203,DSCH,14.385,G
160,1,AND,GSWS09,20040204,DSCH,9.968,G
160,1,AND,GSWS09,20040205,DSCH,7.815,G
160,1,AND,GSWS09,20040206,DSCH,7.532,G
160,1,AND,GSWS09,20040207,DSCH,10.449,G
160,1,AND,GSWS09,20040208,DSCH,7.277,G
160,1,AND,GSWS09,20040209,DSCH,5.748,G
160,1,AND,GSWS09,20040210,DSCH,4.870,G
160,1,AND,GSWS09,20040211,DSCH,4.248,G
160,1,AND,GSWS09,20040212,DSCH,3.710,G
160,1,AND,GSWS09,20040213,DSCH,3.228,G
160,1,AND,GSWS09,20040214,DSCH,3.002,G
160,1,AND,GSWS09,20040215,DSCH,3.285,G
160,1,AND,GSWS09,20040216,DSCH,7.702,G
160,1,AND,GSWS09,20040217,DSCH,13.394,G
160,1,AND,GSWS09,20040218,DSCH,12.091,G
160,1,AND,GSWS09,20040219,DSCH,12.374,G
160,1,AND,GSWS09,20040220,DSCH,6.796,G
160,1,AND,GSWS09,20040221,DSCH,5.097,G
160,1,AND,GSWS09,20040222,DSCH,4.248,G
160,1,AND,GSWS09,20040223,DSCH,3.710,G
160,1,AND,GSWS09,20040224,DSCH,3.285,G
160,1,AND,GSWS09,20040225,DSCH,2.917,G
160,1,AND,GSWS09,20040226,DSCH,2.888,G
160,1,AND,GSWS09,20040227,DSCH,3.483,G
160,1,AND,GSWS09,20040228,DSCH,3.993,G
160,1,AND,GSWS09,20040229,DSCH,3.200,G
160,1,AND,GSWS09,20040301,DSCH,6.739,G
160,1,AND,GSWS09,20040302,DSCH,3.936,G
160,1,AND,GSWS09,20040303,DSCH,3.285,G
160,1,AND,GSWS09,20040304,DSCH,11.100,G
160,1,AND,GSWS09,20040305,DSCH,9.684,G
160,1,AND,GSWS09,20040306,DSCH,7.900,G
160,1,AND,GSWS09,20040307,DSCH,4.814,G
160,1,AND,GSWS09,20040308,DSCH,3.738,G
160,1,AND,GSWS09,20040309,DSCH,3.115,G
160,1,AND,GSWS09,20040310,DSCH,2.633,G
160,1,AND,GSWS09,20040311,DSCH,2.237,G
160,1,AND,GSWS09,20040312,DSCH,1.954,G
160,1,AND,GSWS09,20040313,DSCH,1.756,G
160,1,AND,GSWS09,20040314,DSCH,1.586,G
160,1,AND,GSWS09,20040315,DSCH,1.444,G
160,1,AND,GSWS09,20040316,DSCH,1.359,G
160,1,AND,GSWS09,20040317,DSCH,1.303,G
160,1,AND,GSWS09,20040318,DSCH,1.218,G
160,1,AND,GSWS09,20040319,DSCH,1.133,G
160,1,AND,GSWS09,20040320,DSCH,1.076,G
160,1,AND,GSWS09,20040321,DSCH,1.048,G
160,1,AND,GSWS09,20040322,DSCH,1.019,G
160,1,AND,GSWS09,20040323,DSCH,.991,G
160,1,AND,GSWS09,20040324,DSCH,1.019,G
160,1,AND,GSWS09,20040325,DSCH,1.274,G
160,1,AND,GSWS09,20040326,DSCH,1.501,G
160,1,AND,GSWS09,20040327,DSCH,2.520,G
160,1,AND,GSWS09,20040328,DSCH,1.359,G
160,1,AND,GSWS09,20040329,DSCH,1.048,G
160,1,AND,GSWS09,20040330,DSCH,.934,G
160,1,AND,GSWS09,20040331,DSCH,.878,G
160,1,AND,GSWS09,20040401,DSCH,.793,G
160,1,AND,GSWS09,20040402,DSCH,.708,G
160,1,AND,GSWS09,20040403,DSCH,.680,G
160,1,AND,GSWS09,20040404,DSCH,.595,G
160,1,AND,GSWS09,20040405,DSCH,.566,G
160,1,AND,GSWS09,20040406,DSCH,.651,G
160,1,AND,GSWS09,20040407,DSCH,.651,G
160,1,AND,GSWS09,20040408,DSCH,.651,G
160,1,AND,GSWS09,20040409,DSCH,.623,G
160,1,AND,GSWS09,20040410,DSCH,.595,G
160,1,AND,GSWS09,20040411,DSCH,.623,G
160,1,AND,GSWS09,20040412,DSCH,.651,G
160,1,AND,GSWS09,20040413,DSCH,.680,G
160,1,AND,GSWS09,20040414,DSCH,.963,G
160,1,AND,GSWS09,20040415,DSCH,2.180,G
160,1,AND,GSWS09,20040416,DSCH,1.501,G
160,1,AND,GSWS09,20040417,DSCH,1.501,G
160,1,AND,GSWS09,20040418,DSCH,1.501,G
160,1,AND,GSWS09,20040419,DSCH,1.529,G
160,1,AND,GSWS09,20040420,DSCH,5.748,G
160,1,AND,GSWS09,20040421,DSCH,12.205,G
160,1,AND,GSWS09,20040422,DSCH,3.964,G
160,1,AND,GSWS09,20040423,DSCH,1.897,G
160,1,AND,GSWS09,20040424,DSCH,1.359,G
160,1,AND,GSWS09,20040425,DSCH,1.104,G
160,1,AND,GSWS09,20040426,DSCH,.934,G
160,1,AND,GSWS09,20040427,DSCH,.765,G
160,1,AND,GSWS09,20040428,DSCH,.680,G
160,1,AND,GSWS09,20040429,DSCH,.680,G
160,1,AND,GSWS09,20040430,DSCH,.595,G
160,1,AND,GSWS09,20040501,DSCH,.538,G
160,1,AND,GSWS09,20040502,DSCH,.510,G
160,1,AND,GSWS09,20040503,DSCH,.453,G
160,1,AND,GSWS09,20040504,DSCH,.453,G
160,1,AND,GSWS09,20040505,DSCH,.425,G
160,1,AND,GSWS09,20040506,DSCH,.396,G
160,1,AND,GSWS09,20040507,DSCH,.396,G
160,1,AND,GSWS09,20040508,DSCH,.396,G
160,1,AND,GSWS09,20040509,DSCH,.368,G
160,1,AND,GSWS09,20040510,DSCH,.396,G
160,1,AND,GSWS09,20040511,DSCH,.453,G
160,1,AND,GSWS09,20040512,DSCH,.396,G
160,1,AND,GSWS09,20040513,DSCH,.340,G
160,1,AND,GSWS09,20040514,DSCH,.340,G
160,1,AND,GSWS09,20040515,DSCH,.340,G
160,1,AND,GSWS09,20040516,DSCH,.368,G
160,1,AND,GSWS09,20040517,DSCH,.453,G
160,1,AND,GSWS09,20040518,DSCH,.595,G
160,1,AND,GSWS09,20040519,DSCH,.510,G
160,1,AND,GSWS09,20040520,DSCH,.425,G
160,1,AND,GSWS09,20040521,DSCH,.396,G
160,1,AND,GSWS09,20040522,DSCH,.481,G
160,1,AND,GSWS09,20040523,DSCH,.680,G
160,1,AND,GSWS09,20040524,DSCH,.481,G
160,1,AND,GSWS09,20040525,DSCH,.396,G
160,1,AND,GSWS09,20040526,DSCH,.425,G
160,1,AND,GSWS09,20040527,DSCH,3.171,G
160,1,AND,GSWS09,20040528,DSCH,8.863,G
160,1,AND,GSWS09,20040529,DSCH,5.125,G
160,1,AND,GSWS09,20040530,DSCH,2.067,G
160,1,AND,GSWS09,20040531,DSCH,1.076,G
160,1,AND,GSWS09,20040601,DSCH,.765,G
160,1,AND,GSWS09,20040602,DSCH,.623,G
160,1,AND,GSWS09,20040603,DSCH,.538,G
160,1,AND,GSWS09,20040604,DSCH,.481,G
160,1,AND,GSWS09,20040605,DSCH,.453,G
160,1,AND,GSWS09,20040606,DSCH,.481,G
160,1,AND,GSWS09,20040607,DSCH,.765,G
160,1,AND,GSWS09,20040608,DSCH,2.237,G
160,1,AND,GSWS09,20040609,DSCH,3.256,G
160,1,AND,GSWS09,20040610,DSCH,2.265,G
160,1,AND,GSWS09,20040611,DSCH,1.133,G
160,1,AND,GSWS09,20040612,DSCH,.850,G
160,1,AND,GSWS09,20040613,DSCH,.680,G
160,1,AND,GSWS09,20040614,DSCH,.595,G
160,1,AND,GSWS09,20040615,DSCH,.510,G
160,1,AND,GSWS09,20040616,DSCH,.453,G
160,1,AND,GSWS09,20040617,DSCH,.425,G
160,1,AND,GSWS09,20040618,DSCH,.368,G
160,1,AND,GSWS09,20040619,DSCH,.311,G
160,1,AND,GSWS09,20040620,DSCH,.283,G
160,1,AND,GSWS09,20040621,DSCH,.283,G
160,1,AND,GSWS09,20040622,DSCH,.283,G
160,1,AND,GSWS09,20040623,DSCH,.255,G
160,1,AND,GSWS09,20040624,DSCH,.227,G
160,1,AND,GSWS09,20040625,DSCH,.170,G
160,1,AND,GSWS09,20040626,DSCH,.142,G
160,1,AND,GSWS09,20040627,DSCH,.142,G
160,1,AND,GSWS09,20040628,DSCH,.113,G
160,1,AND,GSWS09,20040629,DSCH,.113,G
160,1,AND,GSWS09,20040630,DSCH,.113,G
160,1,AND,GSWS09,20040701,DSCH,.283,G
160,1,AND,GSWS09,20040702,DSCH,.283,G
160,1,AND,GSWS09,20040703,DSCH,.255,G
160,1,AND,GSWS09,20040704,DSCH,.255,G
160,1,AND,GSWS09,20040705,DSCH,.255,G
160,1,AND,GSWS09,20040706,DSCH,.227,G
160,1,AND,GSWS09,20040707,DSCH,.227,G
160,1,AND,GSWS09,20040708,DSCH,.227,G
160,1,AND,GSWS09,20040709,DSCH,.283,G
160,1,AND,GSWS09,20040710,DSCH,.311,G
160,1,AND,GSWS09,20040711,DSCH,.311,G
160,1,AND,GSWS09,20040712,DSCH,.311,G
160,1,AND,GSWS09,20040713,DSCH,.255,G
160,1,AND,GSWS09,20040714,DSCH,.198,G
160,1,AND,GSWS09,20040715,DSCH,.198,G
160,1,AND,GSWS09,20040716,DSCH,.227,G
160,1,AND,GSWS09,20040717,DSCH,.453,G
160,1,AND,GSWS09,20040718,DSCH,.396,G
160,1,AND,GSWS09,20040719,DSCH,.311,G
160,1,AND,GSWS09,20040720,DSCH,.170,G
160,1,AND,GSWS09,20040721,DSCH,.170,G
160,1,AND,GSWS09,20040722,DSCH,.142,G
160,1,AND,GSWS09,20040723,DSCH,.142,G
160,1,AND,GSWS09,20040724,DSCH,.142,G
160,1,AND,GSWS09,20040725,DSCH,.142,G
160,1,AND,GSWS09,20040726,DSCH,.170,G
160,1,AND,GSWS09,20040727,DSCH,.142,G
160,1,AND,GSWS09,20040728,DSCH,.142,G
160,1,AND,GSWS09,20040729,DSCH,.113,G
160,1,AND,GSWS09,20040730,DSCH,.142,G
160,1,AND,GSWS09,20040731,DSCH,.170,G
160,1,AND,GSWS09,20040801,DSCH,.142,G
160,1,AND,GSWS09,20040802,DSCH,.170,G
160,1,AND,GSWS09,20040803,DSCH,.113,G
160,1,AND,GSWS09,20040804,DSCH,.113,G
160,1,AND,GSWS09,20040805,DSCH,.113,G
160,1,AND,GSWS09,20040806,DSCH,.142,G
160,1,AND,GSWS09,20040807,DSCH,.113,G
160,1,AND,GSWS09,20040808,DSCH,.085,G
160,1,AND,GSWS09,20040809,DSCH,.057,G
160,1,AND,GSWS09,20040810,DSCH,.057,G
160,1,AND,GSWS09,20040811,DSCH,.057,G
160,1,AND,GSWS09,20040812,DSCH,.057,G
160,1,AND,GSWS09,20040813,DSCH,.057,G
160,1,AND,GSWS09,20040814,DSCH,.057,G
160,1,AND,GSWS09,20040815,DSCH,.057,G
160,1,AND,GSWS09,20040816,DSCH,.057,G
160,1,AND,GSWS09,20040817,DSCH,.057,G
160,1,AND,GSWS09,20040818,DSCH,.057,G
160,1,AND,GSWS09,20040819,DSCH,.057,G
160,1,AND,GSWS09,20040820,DSCH,.057,G
160,1,AND,GSWS09,20040821,DSCH,.057,G
160,1,AND,GSWS09,20040822,DSCH,.708,G
160,1,AND,GSWS09,20040823,DSCH,.311,G
160,1,AND,GSWS09,20040824,DSCH,.227,G
160,1,AND,GSWS09,20040825,DSCH,1.501,G
160,1,AND,GSWS09,20040826,DSCH,1.019,G
160,1,AND,GSWS09,20040827,DSCH,.283,G
160,1,AND,GSWS09,20040828,DSCH,.170,G
160,1,AND,GSWS09,20040829,DSCH,.142,G
160,1,AND,GSWS09,20040830,DSCH,.113,G
160,1,AND,GSWS09,20040831,DSCH,.113,G
160,1,AND,GSWS09,20040901,DSCH,.113,G
160,1,AND,GSWS09,20040902,DSCH,.142,G
160,1,AND,GSWS09,20040903,DSCH,.142,G
160,1,AND,GSWS09,20040904,DSCH,.113,G
160,1,AND,GSWS09,20040905,DSCH,.113,G
160,1,AND,GSWS09,20040906,DSCH,.113,G
160,1,AND,GSWS09,20040907,DSCH,.085,G
160,1,AND,GSWS09,20040908,DSCH,.085,G
160,1,AND,GSWS09,20040909,DSCH,.085,G
160,1,AND,GSWS09,20040910,DSCH,.085,G
160,1,AND,GSWS09,20040911,DSCH,.142,G
160,1,AND,GSWS09,20040912,DSCH,.142,G
160,1,AND,GSWS09,20040913,DSCH,.538,G
160,1,AND,GSWS09,20040914,DSCH,.340,G
160,1,AND,GSWS09,20040915,DSCH,.708,G
160,1,AND,GSWS09,20040916,DSCH,.255,G
160,1,AND,GSWS09,20040917,DSCH,.793,G
160,1,AND,GSWS09,20040918,DSCH,1.812,G
160,1,AND,GSWS09,20040919,DSCH,.793,G
160,1,AND,GSWS09,20040920,DSCH,.566,G
160,1,AND,GSWS09,20040921,DSCH,.311,G
160,1,AND,GSWS09,20040922,DSCH,.198,G
160,1,AND,GSWS09,20040923,DSCH,.170,G
160,1,AND,GSWS09,20040924,DSCH,.142,G
160,1,AND,GSWS09,20040925,DSCH,.142,G
160,1,AND,GSWS09,20040926,DSCH,.142,G
160,1,AND,GSWS09,20040927,DSCH,.142,G
160,1,AND,GSWS09,20040928,DSCH,.113,G
160,1,AND,GSWS09,20040929,DSCH,.113,G
160,1,AND,GSWS09,20040930,DSCH,.113,G
160,1,AND,GSWS09,20041001,DSCH,.113,G
160,1,AND,GSWS09,20041002,DSCH,.085,G
160,1,AND,GSWS09,20041003,DSCH,.085,G
160,1,AND,GSWS09,20041004,DSCH,.085,G
160,1,AND,GSWS09,20041005,DSCH,.085,G
160,1,AND,GSWS09,20041006,DSCH,.113,G
160,1,AND,GSWS09,20041007,DSCH,.142,G
160,1,AND,GSWS09,20041008,DSCH,.170,G
160,1,AND,GSWS09,20041009,DSCH,.510,G
160,1,AND,GSWS09,20041010,DSCH,.227,G
160,1,AND,GSWS09,20041011,DSCH,.170,G
160,1,AND,GSWS09,20041012,DSCH,.085,G
160,1,AND,GSWS09,20041013,DSCH,.113,G
160,1,AND,GSWS09,20041014,DSCH,.113,G
160,1,AND,GSWS09,20041015,DSCH,.113,G
160,1,AND,GSWS09,20041016,DSCH,.113,G
160,1,AND,GSWS09,20041017,DSCH,.538,G
160,1,AND,GSWS09,20041018,DSCH,1.699,G
160,1,AND,GSWS09,20041019,DSCH,.708,G
160,1,AND,GSWS09,20041020,DSCH,.566,G
160,1,AND,GSWS09,20041021,DSCH,1.218,G
160,1,AND,GSWS09,20041022,DSCH,2.435,G
160,1,AND,GSWS09,20041023,DSCH,1.303,G
160,1,AND,GSWS09,20041024,DSCH,.765,G
160,1,AND,GSWS09,20041025,DSCH,.538,G
160,1,AND,GSWS09,20041026,DSCH,.453,G
160,1,AND,GSWS09,20041027,DSCH,.396,G
160,1,AND,GSWS09,20041028,DSCH,.340,G
160,1,AND,GSWS09,20041029,DSCH,.340,G
160,1,AND,GSWS09,20041030,DSCH,.538,G
160,1,AND,GSWS09,20041031,DSCH,.651,G
160,1,AND,GSWS09,20041101,DSCH,.821,G
162,1,AND,GSWS10,20040101,DSCH,5.663,G
162,1,AND,GSWS10,20040102,DSCH,4.389,G
162,1,AND,GSWS10,20040103,DSCH,3.851,G
162,1,AND,GSWS10,20040104,DSCH,3.341,G
162,1,AND,GSWS10,20040105,DSCH,2.860,G
162,1,AND,GSWS10,20040106,DSCH,2.775,G
162,1,AND,GSWS10,20040107,DSCH,8.523,G
162,1,AND,GSWS10,20040108,DSCH,15.914,G
162,1,AND,GSWS10,20040109,DSCH,20.813,G
162,1,AND,GSWS10,20040110,DSCH,17.075,G
162,1,AND,GSWS10,20040111,DSCH,13.309,G
162,1,AND,GSWS10,20040112,DSCH,10.506,G
162,1,AND,GSWS10,20040113,DSCH,10.392,G
162,1,AND,GSWS10,20040114,DSCH,14.951,G
162,1,AND,GSWS10,20040115,DSCH,20.898,G
162,1,AND,GSWS10,20040116,DSCH,16.877,G
162,1,AND,GSWS10,20040117,DSCH,11.072,G
162,1,AND,GSWS10,20040118,DSCH,10.364,G
162,1,AND,GSWS10,20040119,DSCH,19.510,G
162,1,AND,GSWS10,20040120,DSCH,13.875,G
162,1,AND,GSWS10,20040121,DSCH,7.787,G
162,1,AND,GSWS10,20040122,DSCH,5.890,G
162,1,AND,GSWS10,20040123,DSCH,22.540,G
162,1,AND,GSWS10,20040124,DSCH,36.132,G
162,1,AND,GSWS10,20040125,DSCH,17.302,G
162,1,AND,GSWS10,20040126,DSCH,12.912,G
162,1,AND,GSWS10,20040127,DSCH,27.835,G
162,1,AND,GSWS10,20040128,DSCH,46.694,G
162,1,AND,GSWS10,20040129,DSCH,50.687,G
162,1,AND,GSWS10,20040130,DSCH,38.199,G
162,1,AND,GSWS10,20040131,DSCH,23.361,G
162,1,AND,GSWS10,20040201,DSCH,14.810,G
162,1,AND,GSWS10,20040202,DSCH,16.849,G
162,1,AND,GSWS10,20040203,DSCH,17.500,G
162,1,AND,GSWS10,20040204,DSCH,10.647,G
162,1,AND,GSWS10,20040205,DSCH,7.362,G
162,1,AND,GSWS10,20040206,DSCH,6.994,G
162,1,AND,GSWS10,20040207,DSCH,10.845,G
162,1,AND,GSWS10,20040208,DSCH,8.637,G
162,1,AND,GSWS10,20040209,DSCH,6.541,G
162,1,AND,GSWS10,20040210,DSCH,5.352,G
162,1,AND,GSWS10,20040211,DSCH,4.361,G
162,1,AND,GSWS10,20040212,DSCH,3.681,G
162,1,AND,GSWS10,20040213,DSCH,3.171,G
162,1,AND,GSWS10,20040214,DSCH,2.917,G
162,1,AND,GSWS10,20040215,DSCH,3.200,G
162,1,AND,GSWS10,20040216,DSCH,7.277,G
162,1,AND,GSWS10,20040217,DSCH,15.772,G
162,1,AND,GSWS10,20040218,DSCH,20.048,G
162,1,AND,GSWS10,20040219,DSCH,18.179,G
162,1,AND,GSWS10,20040220,DSCH,9.883,G
162,1,AND,GSWS10,20040221,DSCH,6.541,G
162,1,AND,GSWS10,20040222,DSCH,5.069,G
162,1,AND,GSWS10,20040223,DSCH,4.248,G
162,1,AND,GSWS10,20040224,DSCH,3.540,G
162,1,AND,GSWS10,20040225,DSCH,3.200,G
162,1,AND,GSWS10,20040226,DSCH,3.228,G
162,1,AND,GSWS10,20040227,DSCH,4.248,G
162,1,AND,GSWS10,20040228,DSCH,5.182,G
162,1,AND,GSWS10,20040229,DSCH,4.587,G
162,1,AND,GSWS10,20040301,DSCH,7.447,G
162,1,AND,GSWS10,20040302,DSCH,6.230,G
162,1,AND,GSWS10,20040303,DSCH,4.927,G
162,1,AND,GSWS10,20040304,DSCH,7.787,G
162,1,AND,GSWS10,20040305,DSCH,13.790,G
162,1,AND,GSWS10,20040306,DSCH,18.010,G
162,1,AND,GSWS10,20040307,DSCH,8.184,G
162,1,AND,GSWS10,20040308,DSCH,5.635,G
162,1,AND,GSWS10,20040309,DSCH,4.219,G
162,1,AND,GSWS10,20040310,DSCH,3.398,G
162,1,AND,GSWS10,20040311,DSCH,2.973,G
162,1,AND,GSWS10,20040312,DSCH,2.520,G
162,1,AND,GSWS10,20040313,DSCH,2.209,G
162,1,AND,GSWS10,20040314,DSCH,1.982,G
162,1,AND,GSWS10,20040315,DSCH,1.841,G
162,1,AND,GSWS10,20040316,DSCH,1.727,G
162,1,AND,GSWS10,20040317,DSCH,1.614,G
162,1,AND,GSWS10,20040318,DSCH,1.529,G
162,1,AND,GSWS10,20040319,DSCH,1.444,G
162,1,AND,GSWS10,20040320,DSCH,1.246,G
162,1,AND,GSWS10,20040321,DSCH,1.218,G
162,1,AND,GSWS10,20040322,DSCH,1.133,G
162,1,AND,GSWS10,20040323,DSCH,1.019,G
162,1,AND,GSWS10,20040324,DSCH,1.133,G
162,1,AND,GSWS10,20040325,DSCH,1.501,G
162,1,AND,GSWS10,20040326,DSCH,1.982,G
162,1,AND,GSWS10,20040327,DSCH,4.417,G
162,1,AND,GSWS10,20040328,DSCH,2.435,G
162,1,AND,GSWS10,20040329,DSCH,1.869,G
162,1,AND,GSWS10,20040330,DSCH,1.671,G
162,1,AND,GSWS10,20040331,DSCH,1.557,G
162,1,AND,GSWS10,20040401,DSCH,1.388,G
162,1,AND,GSWS10,20040402,DSCH,1.246,G
162,1,AND,GSWS10,20040403,DSCH,1.161,G
162,1,AND,GSWS10,20040404,DSCH,1.076,G
162,1,AND,GSWS10,20040405,DSCH,1.048,G
162,1,AND,GSWS10,20040406,DSCH,.963,G
162,1,AND,GSWS10,20040407,DSCH,.878,G
162,1,AND,GSWS10,20040408,DSCH,.878,G
162,1,AND,GSWS10,20040409,DSCH,.850,G
162,1,AND,GSWS10,20040410,DSCH,.878,G
162,1,AND,GSWS10,20040411,DSCH,.850,G
162,1,AND,GSWS10,20040412,DSCH,.850,G
162,1,AND,GSWS10,20040413,DSCH,.991,G
162,1,AND,GSWS10,20040414,DSCH,1.982,G
162,1,AND,GSWS10,20040415,DSCH,3.681,G
162,1,AND,GSWS10,20040416,DSCH,3.341,G
162,1,AND,GSWS10,20040417,DSCH,3.171,G
162,1,AND,GSWS10,20040418,DSCH,3.200,G
162,1,AND,GSWS10,20040419,DSCH,3.200,G
162,1,AND,GSWS10,20040420,DSCH,10.732,G
162,1,AND,GSWS10,20040421,DSCH,23.531,G
162,1,AND,GSWS10,20040422,DSCH,10.421,G
162,1,AND,GSWS10,20040423,DSCH,5.409,G
162,1,AND,GSWS10,20040424,DSCH,3.511,G
162,1,AND,GSWS10,20040425,DSCH,2.633,G
162,1,AND,GSWS10,20040426,DSCH,2.067,G
162,1,AND,GSWS10,20040427,DSCH,1.699,G
162,1,AND,GSWS10,20040428,DSCH,1.472,G
162,1,AND,GSWS10,20040429,DSCH,1.388,G
162,1,AND,GSWS10,20040430,DSCH,1.246,G
162,1,AND,GSWS10,20040501,DSCH,1.161,G
162,1,AND,GSWS10,20040502,DSCH,1.048,G
162,1,AND,GSWS10,20040503,DSCH,1.019,G
162,1,AND,GSWS10,20040504,DSCH,1.019,G
162,1,AND,GSWS10,20040505,DSCH,.991,G
162,1,AND,GSWS10,20040506,DSCH,.934,G
162,1,AND,GSWS10,20040507,DSCH,.934,G
162,1,AND,GSWS10,20040508,DSCH,.906,G
162,1,AND,GSWS10,20040509,DSCH,.850,G
162,1,AND,GSWS10,20040510,DSCH,.934,G
162,1,AND,GSWS10,20040511,DSCH,1.104,G
162,1,AND,GSWS10,20040512,DSCH,.821,G
162,1,AND,GSWS10,20040513,DSCH,.708,G
162,1,AND,GSWS10,20040514,DSCH,.651,G
162,1,AND,GSWS10,20040515,DSCH,.651,G
162,1,AND,GSWS10,20040516,DSCH,.793,G
162,1,AND,GSWS10,20040517,DSCH,1.019,G
162,1,AND,GSWS10,20040518,DSCH,1.416,G
162,1,AND,GSWS10,20040519,DSCH,1.359,G
162,1,AND,GSWS10,20040520,DSCH,1.019,G
162,1,AND,GSWS10,20040521,DSCH,.878,G
162,1,AND,GSWS10,20040522,DSCH,1.076,G
162,1,AND,GSWS10,20040523,DSCH,1.388,G
162,1,AND,GSWS10,20040524,DSCH,1.076,G
162,1,AND,GSWS10,20040525,DSCH,.878,G
162,1,AND,GSWS10,20040526,DSCH,.963,G
162,1,AND,GSWS10,20040527,DSCH,4.191,G
162,1,AND,GSWS10,20040528,DSCH,13.139,G
162,1,AND,GSWS10,20040529,DSCH,8.693,G
162,1,AND,GSWS10,20040530,DSCH,5.182,G
162,1,AND,GSWS10,20040531,DSCH,3.341,G
162,1,AND,GSWS10,20040601,DSCH,2.294,G
162,1,AND,GSWS10,20040602,DSCH,1.784,G
162,1,AND,GSWS10,20040603,DSCH,1.444,G
162,1,AND,GSWS10,20040604,DSCH,1.218,G
162,1,AND,GSWS10,20040605,DSCH,1.133,G
162,1,AND,GSWS10,20040606,DSCH,1.388,G
162,1,AND,GSWS10,20040607,DSCH,2.294,G
162,1,AND,GSWS10,20040608,DSCH,3.766,G
162,1,AND,GSWS10,20040609,DSCH,5.210,G
162,1,AND,GSWS10,20040610,DSCH,5.210,G
162,1,AND,GSWS10,20040611,DSCH,3.625,G
162,1,AND,GSWS10,20040612,DSCH,2.662,G
162,1,AND,GSWS10,20040613,DSCH,2.039,G
162,1,AND,GSWS10,20040614,DSCH,1.671,G
162,1,AND,GSWS10,20040615,DSCH,1.444,G
162,1,AND,GSWS10,20040616,DSCH,1.274,G
162,1,AND,GSWS10,20040617,DSCH,1.133,G
162,1,AND,GSWS10,20040618,DSCH,1.019,G
162,1,AND,GSWS10,20040619,DSCH,.934,G
162,1,AND,GSWS10,20040620,DSCH,.878,G
162,1,AND,GSWS10,20040621,DSCH,.821,G
162,1,AND,GSWS10,20040622,DSCH,.850,G
162,1,AND,GSWS10,20040623,DSCH,.793,G
162,1,AND,GSWS10,20040624,DSCH,.736,G
162,1,AND,GSWS10,20040625,DSCH,.736,G
162,1,AND,GSWS10,20040626,DSCH,.765,G
162,1,AND,GSWS10,20040627,DSCH,.793,G
162,1,AND,GSWS10,20040628,DSCH,.736,G
162,1,AND,GSWS10,20040629,DSCH,.793,G
162,1,AND,GSWS10,20040630,DSCH,.793,G
162,1,AND,GSWS10,20040701,DSCH,.595,G
162,1,AND,GSWS10,20040702,DSCH,.595,G
162,1,AND,GSWS10,20040703,DSCH,.566,G
162,1,AND,GSWS10,20040704,DSCH,.538,G
162,1,AND,GSWS10,20040705,DSCH,.510,G
162,1,AND,GSWS10,20040706,DSCH,.481,G
162,1,AND,GSWS10,20040707,DSCH,.481,G
162,1,AND,GSWS10,20040708,DSCH,.481,G
162,1,AND,GSWS10,20040709,DSCH,.453,G
162,1,AND,GSWS10,20040710,DSCH,.453,G
162,1,AND,GSWS10,20040711,DSCH,.425,G
162,1,AND,GSWS10,20040712,DSCH,.425,G
162,1,AND,GSWS10,20040713,DSCH,.396,G
162,1,AND,GSWS10,20040714,DSCH,.396,G
162,1,AND,GSWS10,20040715,DSCH,.368,G
162,1,AND,GSWS10,20040716,DSCH,.340,G
162,1,AND,GSWS10,20040717,DSCH,.340,G
162,1,AND,GSWS10,20040718,DSCH,.368,G
162,1,AND,GSWS10,20040719,DSCH,.368,G
162,1,AND,GSWS10,20040720,DSCH,.311,G
162,1,AND,GSWS10,20040721,DSCH,.311,G
162,1,AND,GSWS10,20040722,DSCH,.283,G
162,1,AND,GSWS10,20040723,DSCH,.283,G
162,1,AND,GSWS10,20040724,DSCH,.283,G
162,1,AND,GSWS10,20040725,DSCH,.283,G
162,1,AND,GSWS10,20040726,DSCH,.283,G
162,1,AND,GSWS10,20040727,DSCH,.255,G
162,1,AND,GSWS10,20040728,DSCH,.255,G
162,1,AND,GSWS10,20040729,DSCH,.255,G
162,1,AND,GSWS10,20040730,DSCH,.255,G
162,1,AND,GSWS10,20040731,DSCH,.283,G
162,1,AND,GSWS10,20040801,DSCH,.227,G
162,1,AND,GSWS10,20040802,DSCH,.198,G
162,1,AND,GSWS10,20040803,DSCH,.198,G
162,1,AND,GSWS10,20040804,DSCH,.198,G
162,1,AND,GSWS10,20040805,DSCH,.198,G
162,1,AND,GSWS10,20040806,DSCH,.255,G
162,1,AND,GSWS10,20040807,DSCH,.198,G
162,1,AND,GSWS10,20040808,DSCH,.170,G
162,1,AND,GSWS10,20040809,DSCH,.142,G
162,1,AND,GSWS10,20040810,DSCH,.142,G
162,1,AND,GSWS10,20040811,DSCH,.142,G
162,1,AND,GSWS10,20040812,DSCH,.142,G
162,1,AND,GSWS10,20040813,DSCH,.142,G
162,1,AND,GSWS10,20040814,DSCH,.113,G
162,1,AND,GSWS10,20040815,DSCH,.142,G
162,1,AND,GSWS10,20040816,DSCH,.142,G
162,1,AND,GSWS10,20040817,DSCH,.113,G
162,1,AND,GSWS10,20040818,DSCH,.113,G
162,1,AND,GSWS10,20040819,DSCH,.113,G
162,1,AND,GSWS10,20040820,DSCH,.113,G
162,1,AND,GSWS10,20040821,DSCH,.142,G
162,1,AND,GSWS10,20040822,DSCH,1.104,G
162,1,AND,GSWS10,20040823,DSCH,.595,G
162,1,AND,GSWS10,20040824,DSCH,.368,G
162,1,AND,GSWS10,20040825,DSCH,3.625,G
162,1,AND,GSWS10,20040826,DSCH,1.954,G
162,1,AND,GSWS10,20040827,DSCH,.623,G
162,1,AND,GSWS10,20040828,DSCH,.368,G
162,1,AND,GSWS10,20040829,DSCH,.255,G
162,1,AND,GSWS10,20040830,DSCH,.227,G
162,1,AND,GSWS10,20040831,DSCH,.198,G
162,1,AND,GSWS10,20040901,DSCH,.255,G
162,1,AND,GSWS10,20040902,DSCH,.340,G
162,1,AND,GSWS10,20040903,DSCH,.255,G
162,1,AND,GSWS10,20040904,DSCH,.198,G
162,1,AND,GSWS10,20040905,DSCH,.170,G
162,1,AND,GSWS10,20040906,DSCH,.142,G
162,1,AND,GSWS10,20040907,DSCH,.170,G
162,1,AND,GSWS10,20040908,DSCH,.142,G
162,1,AND,GSWS10,20040909,DSCH,.142,G
162,1,AND,GSWS10,20040910,DSCH,.142,G
162,1,AND,GSWS10,20040911,DSCH,.255,G
162,1,AND,GSWS10,20040912,DSCH,.198,G
162,1,AND,GSWS10,20040913,DSCH,1.048,G
162,1,AND,GSWS10,20040914,DSCH,.623,G
162,1,AND,GSWS10,20040915,DSCH,1.104,G
162,1,AND,GSWS10,20040916,DSCH,.425,G
162,1,AND,GSWS10,20040917,DSCH,1.218,G
162,1,AND,GSWS10,20040918,DSCH,2.492,G
162,1,AND,GSWS10,20040919,DSCH,1.388,G
162,1,AND,GSWS10,20040920,DSCH,1.161,G
162,1,AND,GSWS10,20040921,DSCH,.595,G
162,1,AND,GSWS10,20040922,DSCH,.396,G
162,1,AND,GSWS10,20040923,DSCH,.311,G
162,1,AND,GSWS10,20040924,DSCH,.255,G
162,1,AND,GSWS10,20040925,DSCH,.311,G
162,1,AND,GSWS10,20040926,DSCH,.255,G
162,1,AND,GSWS10,20040927,DSCH,.198,G
162,1,AND,GSWS10,20040928,DSCH,.170,G
162,1,AND,GSWS10,20040929,DSCH,.170,G
162,1,AND,GSWS10,20040930,DSCH,.170,G
162,1,AND,GSWS10,20041001,DSCH,.142,G
162,1,AND,GSWS10,20041002,DSCH,.142,G
162,1,AND,GSWS10,20041003,DSCH,.142,G
162,1,AND,GSWS10,20041004,DSCH,.142,G
162,1,AND,GSWS10,20041005,DSCH,.142,G
162,1,AND,GSWS10,20041006,DSCH,.227,G
162,1,AND,GSWS10,20041007,DSCH,.198,G
162,1,AND,GSWS10,20041008,DSCH,.340,G
162,1,AND,GSWS10,20041009,DSCH,.821,G
162,1,AND,GSWS10,20041010,DSCH,.311,G
162,1,AND,GSWS10,20041011,DSCH,.227,G
162,1,AND,GSWS10,20041012,DSCH,.198,G
162,1,AND,GSWS10,20041013,DSCH,.170,G
162,1,AND,GSWS10,20041014,DSCH,.170,G
162,1,AND,GSWS10,20041015,DSCH,.142,G
162,1,AND,GSWS10,20041016,DSCH,.113,G
162,1,AND,GSWS10,20041017,DSCH,1.529,G
162,1,AND,GSWS10,20041018,DSCH,4.389,G
162,1,AND,GSWS10,20041019,DSCH,1.557,G
162,1,AND,GSWS10,20041020,DSCH,.736,G
162,1,AND,GSWS10,20041021,DSCH,1.218,G
162,1,AND,GSWS10,20041022,DSCH,3.256,G
162,1,AND,GSWS10,20041023,DSCH,2.464,G
162,1,AND,GSWS10,20041024,DSCH,1.359,G
162,1,AND,GSWS10,20041025,DSCH,.963,G
162,1,AND,GSWS10,20041026,DSCH,.708,G
162,1,AND,GSWS10,20041027,DSCH,.538,G
162,1,AND,GSWS10,20041028,DSCH,.425,G
162,1,AND,GSWS10,20041029,DSCH,.340,G
162,1,AND,GSWS10,20041030,DSCH,.850,G
162,1,AND,GSWS10,20041031,DSCH,1.076,G
162,1,AND,GSWS10,20041101,DSCH,1.246,G
